3270NerdFont-Condensed	3270/Condensed/3270NerdFont-Condensed.ttf
3270NerdFont-Regular	3270/Regular/3270NerdFont-Regular.ttf
3270NerdFont-SemiCondensed	3270/SemiCondensed/3270NerdFont-SemiCondensed.ttf
3270NerdFontMono-Condensed	3270/Condensed/3270NerdFontMono-Condensed.ttf
3270NerdFontMono-Regular	3270/Regular/3270NerdFontMono-Regular.ttf
3270NerdFontMono-SemiCondensed	3270/SemiCondensed/3270NerdFontMono-SemiCondensed.ttf
3270NerdFontPropo-Condensed	3270/Condensed/3270NerdFontPropo-Condensed.ttf
3270NerdFontPropo-Regular	3270/Regular/3270NerdFontPropo-Regular.ttf
3270NerdFontPropo-SemiCondensed	3270/SemiCondensed/3270NerdFontPropo-SemiCondensed.ttf
AgaveNerdFont-Bold	Agave/AgaveNerdFont-Bold.ttf
AgaveNerdFont-Regular	Agave/AgaveNerdFont-Regular.ttf
AgaveNerdFontMono-Bold	Agave/AgaveNerdFontMono-Bold.ttf
AgaveNerdFontMono-Regular	Agave/AgaveNerdFontMono-Regular.ttf
AgaveNerdFontPropo-Bold	Agave/AgaveNerdFontPropo-Bold.ttf
AgaveNerdFontPropo-Regular	Agave/AgaveNerdFontPropo-Regular.ttf
AnonymiceProNerdFont-Bold	AnonymousPro/Bold/AnonymiceProNerdFont-Bold.ttf
AnonymiceProNerdFont-BoldItalic	AnonymousPro/Bold-Italic/AnonymiceProNerdFont-BoldItalic.ttf
AnonymiceProNerdFont-Italic	AnonymousPro/Italic/AnonymiceProNerdFont-Italic.ttf
AnonymiceProNerdFont-Regular	AnonymousPro/Regular/AnonymiceProNerdFont-Regular.ttf
AnonymiceProNerdFontMono-Bold	AnonymousPro/Bold/AnonymiceProNerdFontMono-Bold.ttf
AnonymiceProNerdFontMono-BoldItalic	AnonymousPro/Bold-Italic/AnonymiceProNerdFontMono-BoldItalic.ttf
AnonymiceProNerdFontMono-Italic	AnonymousPro/Italic/AnonymiceProNerdFontMono-Italic.ttf
AnonymiceProNerdFontMono-Regular	AnonymousPro/Regular/AnonymiceProNerdFontMono-Regular.ttf
AnonymiceProNerdFontPropo-Bold	AnonymousPro/Bold/AnonymiceProNerdFontPropo-Bold.ttf
AnonymiceProNerdFontPropo-BoldItalic	AnonymousPro/Bold-Italic/AnonymiceProNerdFontPropo-BoldItalic.ttf
AnonymiceProNerdFontPropo-Italic	AnonymousPro/Italic/AnonymiceProNerdFontPropo-Italic.ttf
AnonymiceProNerdFontPropo-Regular	AnonymousPro/Regular/AnonymiceProNerdFontPropo-Regular.ttf
ArimoNerdFont-Bold	Arimo/Bold/ArimoNerdFont-Bold.ttf
ArimoNerdFont-BoldItalic	Arimo/Bold-Italic/ArimoNerdFont-BoldItalic.ttf
ArimoNerdFont-Italic	Arimo/Italic/ArimoNerdFont-Italic.ttf
ArimoNerdFont-Regular	Arimo/Regular/ArimoNerdFont-Regular.ttf
ArimoNerdFontPropo-Bold	Arimo/Bold/ArimoNerdFontPropo-Bold.ttf
ArimoNerdFontPropo-BoldItalic	Arimo/Bold-Italic/ArimoNerdFontPropo-BoldItalic.ttf
ArimoNerdFontPropo-Italic	Arimo/Italic/ArimoNerdFontPropo-Italic.ttf
ArimoNerdFontPropo-Regular	Arimo/Regular/ArimoNerdFontPropo-Regular.ttf
AurulentSansMNerdFont-Regular	AurulentSansMono/AurulentSansMNerdFont-Regular.otf
AurulentSansMNerdFontMono-Regular	AurulentSansMono/AurulentSansMNerdFontMono-Regular.otf
AurulentSansMNerdFontPropo-Regular	AurulentSansMono/AurulentSansMNerdFontPropo-Regular.otf
BigBlueTerm437NerdFont-Regular	BigBlueTerminal/BigBlueTerm437NerdFont-Regular.ttf
BigBlueTerm437NerdFontMono-Regular	BigBlueTerminal/BigBlueTerm437NerdFontMono-Regular.ttf
BigBlueTerm437NerdFontPropo-Regular	BigBlueTerminal/BigBlueTerm437NerdFontPropo-Regular.ttf
BigBlueTermPlusNerdFont-Regular	BigBlueTerminal/BigBlueTermPlusNerdFont-Regular.ttf
BigBlueTermPlusNerdFontMono-Regular	BigBlueTerminal/BigBlueTermPlusNerdFontMono-Regular.ttf
BigBlueTermPlusNerdFontPropo-Regular	BigBlueTerminal/BigBlueTermPlusNerdFontPropo-Regular.ttf
BitstromWeraNerdFont-Bold	BitstreamVeraSansMono/Bold/BitstromWeraNerdFont-Bold.ttf
BitstromWeraNerdFont-BoldOblique	BitstreamVeraSansMono/Bold-Italic/BitstromWeraNerdFont-BoldOblique.ttf
BitstromWeraNerdFont-Oblique	BitstreamVeraSansMono/Italic/BitstromWeraNerdFont-Oblique.ttf
BitstromWeraNerdFont-Regular	BitstreamVeraSansMono/Regular/BitstromWeraNerdFont-Regular.ttf
BitstromWeraNerdFontMono-Bold	BitstreamVeraSansMono/Bold/BitstromWeraNerdFontMono-Bold.ttf
BitstromWeraNerdFontMono-BoldOblique	BitstreamVeraSansMono/Bold-Italic/BitstromWeraNerdFontMono-BoldOblique.ttf
BitstromWeraNerdFontMono-Oblique	BitstreamVeraSansMono/Italic/BitstromWeraNerdFontMono-Oblique.ttf
BitstromWeraNerdFontMono-Regular	BitstreamVeraSansMono/Regular/BitstromWeraNerdFontMono-Regular.ttf
BitstromWeraNerdFontPropo-Bold	BitstreamVeraSansMono/Bold/BitstromWeraNerdFontPropo-Bold.ttf
BitstromWeraNerdFontPropo-BoldOblique	BitstreamVeraSansMono/Bold-Italic/BitstromWeraNerdFontPropo-BoldOblique.ttf
BitstromWeraNerdFontPropo-Oblique	BitstreamVeraSansMono/Italic/BitstromWeraNerdFontPropo-Oblique.ttf
BitstromWeraNerdFontPropo-Regular	BitstreamVeraSansMono/Regular/BitstromWeraNerdFontPropo-Regular.ttf
BlexMonoNerdFont-Bold	IBMPlexMono/Mono/BlexMonoNerdFont-Bold.ttf
BlexMonoNerdFont-BoldItalic	IBMPlexMono/Mono/BlexMonoNerdFont-BoldItalic.ttf
BlexMonoNerdFont-ExtraLight	IBMPlexMono/Mono/BlexMonoNerdFont-ExtraLight.ttf
BlexMonoNerdFont-ExtraLightItalic	IBMPlexMono/Mono/BlexMonoNerdFont-ExtraLightItalic.ttf
BlexMonoNerdFont-Italic	IBMPlexMono/Mono/BlexMonoNerdFont-Italic.ttf
BlexMonoNerdFont-Light	IBMPlexMono/Mono/BlexMonoNerdFont-Light.ttf
BlexMonoNerdFont-LightItalic	IBMPlexMono/Mono/BlexMonoNerdFont-LightItalic.ttf
BlexMonoNerdFont-Medium	IBMPlexMono/Mono/BlexMonoNerdFont-Medium.ttf
BlexMonoNerdFont-MediumItalic	IBMPlexMono/Mono/BlexMonoNerdFont-MediumItalic.ttf
BlexMonoNerdFont-Regular	IBMPlexMono/Mono/BlexMonoNerdFont-Regular.ttf
BlexMonoNerdFont-SemiBold	IBMPlexMono/Mono/BlexMonoNerdFont-SemiBold.ttf
BlexMonoNerdFont-SemiBoldItalic	IBMPlexMono/Mono/BlexMonoNerdFont-SemiBoldItalic.ttf
BlexMonoNerdFont-Text	IBMPlexMono/Mono/BlexMonoNerdFont-Text.ttf
BlexMonoNerdFont-TextItalic	IBMPlexMono/Mono/BlexMonoNerdFont-TextItalic.ttf
BlexMonoNerdFont-Thin	IBMPlexMono/Mono/BlexMonoNerdFont-Thin.ttf
BlexMonoNerdFont-ThinItalic	IBMPlexMono/Mono/BlexMonoNerdFont-ThinItalic.ttf
BlexMonoNerdFontMono-Bold	IBMPlexMono/Mono/BlexMonoNerdFontMono-Bold.ttf
BlexMonoNerdFontMono-BoldItalic	IBMPlexMono/Mono/BlexMonoNerdFontMono-BoldItalic.ttf
BlexMonoNerdFontMono-ExtraLight	IBMPlexMono/Mono/BlexMonoNerdFontMono-ExtraLight.ttf
BlexMonoNerdFontMono-ExtraLightItalic	IBMPlexMono/Mono/BlexMonoNerdFontMono-ExtraLightItalic.ttf
BlexMonoNerdFontMono-Italic	IBMPlexMono/Mono/BlexMonoNerdFontMono-Italic.ttf
BlexMonoNerdFontMono-Light	IBMPlexMono/Mono/BlexMonoNerdFontMono-Light.ttf
BlexMonoNerdFontMono-LightItalic	IBMPlexMono/Mono/BlexMonoNerdFontMono-LightItalic.ttf
BlexMonoNerdFontMono-Medium	IBMPlexMono/Mono/BlexMonoNerdFontMono-Medium.ttf
BlexMonoNerdFontMono-MediumItalic	IBMPlexMono/Mono/BlexMonoNerdFontMono-MediumItalic.ttf
BlexMonoNerdFontMono-Regular	IBMPlexMono/Mono/BlexMonoNerdFontMono-Regular.ttf
BlexMonoNerdFontMono-SemiBold	IBMPlexMono/Mono/BlexMonoNerdFontMono-SemiBold.ttf
BlexMonoNerdFontMono-SemiBoldItalic	IBMPlexMono/Mono/BlexMonoNerdFontMono-SemiBoldItalic.ttf
BlexMonoNerdFontMono-Text	IBMPlexMono/Mono/BlexMonoNerdFontMono-Text.ttf
BlexMonoNerdFontMono-TextItalic	IBMPlexMono/Mono/BlexMonoNerdFontMono-TextItalic.ttf
BlexMonoNerdFontMono-Thin	IBMPlexMono/Mono/BlexMonoNerdFontMono-Thin.ttf
BlexMonoNerdFontMono-ThinItalic	IBMPlexMono/Mono/BlexMonoNerdFontMono-ThinItalic.ttf
BlexMonoNerdFontPropo-Bold	IBMPlexMono/Mono/BlexMonoNerdFontPropo-Bold.ttf
BlexMonoNerdFontPropo-BoldItalic	IBMPlexMono/Mono/BlexMonoNerdFontPropo-BoldItalic.ttf
BlexMonoNerdFontPropo-ExtraLight	IBMPlexMono/Mono/BlexMonoNerdFontPropo-ExtraLight.ttf
BlexMonoNerdFontPropo-ExtraLightItalic	IBMPlexMono/Mono/BlexMonoNerdFontPropo-ExtraLightItalic.ttf
BlexMonoNerdFontPropo-Italic	IBMPlexMono/Mono/BlexMonoNerdFontPropo-Italic.ttf
BlexMonoNerdFontPropo-Light	IBMPlexMono/Mono/BlexMonoNerdFontPropo-Light.ttf
BlexMonoNerdFontPropo-LightItalic	IBMPlexMono/Mono/BlexMonoNerdFontPropo-LightItalic.ttf
BlexMonoNerdFontPropo-Medium	IBMPlexMono/Mono/BlexMonoNerdFontPropo-Medium.ttf
BlexMonoNerdFontPropo-MediumItalic	IBMPlexMono/Mono/BlexMonoNerdFontPropo-MediumItalic.ttf
BlexMonoNerdFontPropo-Regular	IBMPlexMono/Mono/BlexMonoNerdFontPropo-Regular.ttf
BlexMonoNerdFontPropo-SemiBold	IBMPlexMono/Mono/BlexMonoNerdFontPropo-SemiBold.ttf
BlexMonoNerdFontPropo-SemiBoldItalic	IBMPlexMono/Mono/BlexMonoNerdFontPropo-SemiBoldItalic.ttf
BlexMonoNerdFontPropo-Text	IBMPlexMono/Mono/BlexMonoNerdFontPropo-Text.ttf
BlexMonoNerdFontPropo-TextItalic	IBMPlexMono/Mono/BlexMonoNerdFontPropo-TextItalic.ttf
BlexMonoNerdFontPropo-Thin	IBMPlexMono/Mono/BlexMonoNerdFontPropo-Thin.ttf
BlexMonoNerdFontPropo-ThinItalic	IBMPlexMono/Mono/BlexMonoNerdFontPropo-ThinItalic.ttf
CaskaydiaCoveNerdFont-Bold	CascadiaCode/CaskaydiaCoveNerdFont-Bold.ttf
CaskaydiaCoveNerdFont-BoldItalic	CascadiaCode/CaskaydiaCoveNerdFont-BoldItalic.ttf
CaskaydiaCoveNerdFont-ExtraLight	CascadiaCode/CaskaydiaCoveNerdFont-ExtraLight.ttf
CaskaydiaCoveNerdFont-ExtraLightItalic	CascadiaCode/CaskaydiaCoveNerdFont-ExtraLightItalic.ttf
CaskaydiaCoveNerdFont-Italic	CascadiaCode/CaskaydiaCoveNerdFont-Italic.ttf
CaskaydiaCoveNerdFont-Light	CascadiaCode/CaskaydiaCoveNerdFont-Light.ttf
CaskaydiaCoveNerdFont-LightItalic	CascadiaCode/CaskaydiaCoveNerdFont-LightItalic.ttf
CaskaydiaCoveNerdFont-Regular	CascadiaCode/CaskaydiaCoveNerdFont-Regular.ttf
CaskaydiaCoveNerdFont-SemiBold	CascadiaCode/CaskaydiaCoveNerdFont-SemiBold.ttf
CaskaydiaCoveNerdFont-SemiBoldItalic	CascadiaCode/CaskaydiaCoveNerdFont-SemiBoldItalic.ttf
CaskaydiaCoveNerdFont-SemiLight	CascadiaCode/CaskaydiaCoveNerdFont-SemiLight.ttf
CaskaydiaCoveNerdFont-SemiLightItalic	CascadiaCode/CaskaydiaCoveNerdFont-SemiLightItalic.ttf
CaskaydiaCoveNerdFontMono-Bold	CascadiaCode/CaskaydiaCoveNerdFontMono-Bold.ttf
CaskaydiaCoveNerdFontMono-BoldItalic	CascadiaCode/CaskaydiaCoveNerdFontMono-BoldItalic.ttf
CaskaydiaCoveNerdFontMono-ExtraLight	CascadiaCode/CaskaydiaCoveNerdFontMono-ExtraLight.ttf
CaskaydiaCoveNerdFontMono-ExtraLightItalic	CascadiaCode/CaskaydiaCoveNerdFontMono-ExtraLightItalic.ttf
CaskaydiaCoveNerdFontMono-Italic	CascadiaCode/CaskaydiaCoveNerdFontMono-Italic.ttf
CaskaydiaCoveNerdFontMono-Light	CascadiaCode/CaskaydiaCoveNerdFontMono-Light.ttf
CaskaydiaCoveNerdFontMono-LightItalic	CascadiaCode/CaskaydiaCoveNerdFontMono-LightItalic.ttf
CaskaydiaCoveNerdFontMono-Regular	CascadiaCode/CaskaydiaCoveNerdFontMono-Regular.ttf
CaskaydiaCoveNerdFontMono-SemiBold	CascadiaCode/CaskaydiaCoveNerdFontMono-SemiBold.ttf
CaskaydiaCoveNerdFontMono-SemiBoldItalic	CascadiaCode/CaskaydiaCoveNerdFontMono-SemiBoldItalic.ttf
CaskaydiaCoveNerdFontMono-SemiLight	CascadiaCode/CaskaydiaCoveNerdFontMono-SemiLight.ttf
CaskaydiaCoveNerdFontMono-SemiLightItalic	CascadiaCode/CaskaydiaCoveNerdFontMono-SemiLightItalic.ttf
CaskaydiaCoveNerdFontPropo-Bold	CascadiaCode/CaskaydiaCoveNerdFontPropo-Bold.ttf
CaskaydiaCoveNerdFontPropo-BoldItalic	CascadiaCode/CaskaydiaCoveNerdFontPropo-BoldItalic.ttf
CaskaydiaCoveNerdFontPropo-ExtraLight	CascadiaCode/CaskaydiaCoveNerdFontPropo-ExtraLight.ttf
CaskaydiaCoveNerdFontPropo-ExtraLightItalic	CascadiaCode/CaskaydiaCoveNerdFontPropo-ExtraLightItalic.ttf
CaskaydiaCoveNerdFontPropo-Italic	CascadiaCode/CaskaydiaCoveNerdFontPropo-Italic.ttf
CaskaydiaCoveNerdFontPropo-Light	CascadiaCode/CaskaydiaCoveNerdFontPropo-Light.ttf
CaskaydiaCoveNerdFontPropo-LightItalic	CascadiaCode/CaskaydiaCoveNerdFontPropo-LightItalic.ttf
CaskaydiaCoveNerdFontPropo-Regular	CascadiaCode/CaskaydiaCoveNerdFontPropo-Regular.ttf
CaskaydiaCoveNerdFontPropo-SemiBold	CascadiaCode/CaskaydiaCoveNerdFontPropo-SemiBold.ttf
CaskaydiaCoveNerdFontPropo-SemiBoldItalic	CascadiaCode/CaskaydiaCoveNerdFontPropo-SemiBoldItalic.ttf
CaskaydiaCoveNerdFontPropo-SemiLight	CascadiaCode/CaskaydiaCoveNerdFontPropo-SemiLight.ttf
CaskaydiaCoveNerdFontPropo-SemiLightItalic	CascadiaCode/CaskaydiaCoveNerdFontPropo-SemiLightItalic.ttf
CodeNewRomanNerdFont-Bold	CodeNewRoman/Bold/CodeNewRomanNerdFont-Bold.otf
CodeNewRomanNerdFont-Italic	CodeNewRoman/Italic/CodeNewRomanNerdFont-Italic.otf
CodeNewRomanNerdFont-Regular	CodeNewRoman/Regular/CodeNewRomanNerdFont-Regular.otf
CodeNewRomanNerdFontMono-Bold	CodeNewRoman/Bold/CodeNewRomanNerdFontMono-Bold.otf
CodeNewRomanNerdFontMono-Italic	CodeNewRoman/Italic/CodeNewRomanNerdFontMono-Italic.otf
CodeNewRomanNerdFontMono-Regular	CodeNewRoman/Regular/CodeNewRomanNerdFontMono-Regular.otf
CodeNewRomanNerdFontPropo-Bold	CodeNewRoman/Bold/CodeNewRomanNerdFontPropo-Bold.otf
CodeNewRomanNerdFontPropo-Italic	CodeNewRoman/Italic/CodeNewRomanNerdFontPropo-Italic.otf
CodeNewRomanNerdFontPropo-Regular	CodeNewRoman/Regular/CodeNewRomanNerdFontPropo-Regular.otf
ComicShannsMonoNerdFont-Bold	ComicShannsMono/ComicShannsMonoNerdFont-Bold.otf
ComicShannsMonoNerdFont-Regular	ComicShannsMono/ComicShannsMonoNerdFont-Regular.otf
ComicShannsMonoNerdFontMono-Bold	ComicShannsMono/ComicShannsMonoNerdFontMono-Bold.otf
ComicShannsMonoNerdFontMono-Regular	ComicShannsMono/ComicShannsMonoNerdFontMono-Regular.otf
ComicShannsMonoNerdFontPropo-Bold	ComicShannsMono/ComicShannsMonoNerdFontPropo-Bold.otf
ComicShannsMonoNerdFontPropo-Regular	ComicShannsMono/ComicShannsMonoNerdFontPropo-Regular.otf
CousineNerdFont-Bold	Cousine/Bold/CousineNerdFont-Bold.ttf
CousineNerdFont-BoldItalic	Cousine/BoldItalic/CousineNerdFont-BoldItalic.ttf
CousineNerdFont-Italic	Cousine/Italic/CousineNerdFont-Italic.ttf
CousineNerdFont-Regular	Cousine/Regular/CousineNerdFont-Regular.ttf
CousineNerdFontMono-Bold	Cousine/Bold/CousineNerdFontMono-Bold.ttf
CousineNerdFontMono-BoldItalic	Cousine/BoldItalic/CousineNerdFontMono-BoldItalic.ttf
CousineNerdFontMono-Italic	Cousine/Italic/CousineNerdFontMono-Italic.ttf
CousineNerdFontMono-Regular	Cousine/Regular/CousineNerdFontMono-Regular.ttf
CousineNerdFontPropo-Bold	Cousine/Bold/CousineNerdFontPropo-Bold.ttf
CousineNerdFontPropo-BoldItalic	Cousine/BoldItalic/CousineNerdFontPropo-BoldItalic.ttf
CousineNerdFontPropo-Italic	Cousine/Italic/CousineNerdFontPropo-Italic.ttf
CousineNerdFontPropo-Regular	Cousine/Regular/CousineNerdFontPropo-Regular.ttf
DaddyTimeMonoNerdFont-Regular	DaddyTimeMono/DaddyTimeMonoNerdFont-Regular.ttf
DaddyTimeMonoNerdFontMono-Regular	DaddyTimeMono/DaddyTimeMonoNerdFontMono-Regular.ttf
DaddyTimeMonoNerdFontPropo-Regular	DaddyTimeMono/DaddyTimeMonoNerdFontPropo-Regular.ttf
DejaVuSansMNerdFont-Bold	DejaVuSansMono/Bold/DejaVuSansMNerdFont-Bold.ttf
DejaVuSansMNerdFont-BoldOblique	DejaVuSansMono/Bold-Italic/DejaVuSansMNerdFont-BoldOblique.ttf
DejaVuSansMNerdFont-Oblique	DejaVuSansMono/Italic/DejaVuSansMNerdFont-Oblique.ttf
DejaVuSansMNerdFont-Regular	DejaVuSansMono/Regular/DejaVuSansMNerdFont-Regular.ttf
DejaVuSansMNerdFontMono-Bold	DejaVuSansMono/Bold/DejaVuSansMNerdFontMono-Bold.ttf
DejaVuSansMNerdFontMono-BoldOblique	DejaVuSansMono/Bold-Italic/DejaVuSansMNerdFontMono-BoldOblique.ttf
DejaVuSansMNerdFontMono-Oblique	DejaVuSansMono/Italic/DejaVuSansMNerdFontMono-Oblique.ttf
DejaVuSansMNerdFontMono-Regular	DejaVuSansMono/Regular/DejaVuSansMNerdFontMono-Regular.ttf
DejaVuSansMNerdFontPropo-Bold	DejaVuSansMono/Bold/DejaVuSansMNerdFontPropo-Bold.ttf
DejaVuSansMNerdFontPropo-BoldOblique	DejaVuSansMono/Bold-Italic/DejaVuSansMNerdFontPropo-BoldOblique.ttf
DejaVuSansMNerdFontPropo-Oblique	DejaVuSansMono/Italic/DejaVuSansMNerdFontPropo-Oblique.ttf
DejaVuSansMNerdFontPropo-Regular	DejaVuSansMono/Regular/DejaVuSansMNerdFontPropo-Regular.ttf
DroidSansMNerdFont-Regular	DroidSansMono/DroidSansMNerdFont-Regular.otf
DroidSansMNerdFontMono-Regular	DroidSansMono/DroidSansMNerdFontMono-Regular.otf
DroidSansMNerdFontPropo-Regular	DroidSansMono/DroidSansMNerdFontPropo-Regular.otf
EnvyCodeRNerdFont-Bold	EnvyCodeR/EnvyCodeRNerdFont-Bold.ttf
EnvyCodeRNerdFont-Italic	EnvyCodeR/EnvyCodeRNerdFont-Italic.ttf
EnvyCodeRNerdFont-Regular	EnvyCodeR/EnvyCodeRNerdFont-Regular.ttf
EnvyCodeRNerdFontMono-Bold	EnvyCodeR/EnvyCodeRNerdFontMono-Bold.ttf
EnvyCodeRNerdFontMono-Italic	EnvyCodeR/EnvyCodeRNerdFontMono-Italic.ttf
EnvyCodeRNerdFontMono-Regular	EnvyCodeR/EnvyCodeRNerdFontMono-Regular.ttf
EnvyCodeRNerdFontPropo-Bold	EnvyCodeR/EnvyCodeRNerdFontPropo-Bold.ttf
EnvyCodeRNerdFontPropo-Italic	EnvyCodeR/EnvyCodeRNerdFontPropo-Italic.ttf
EnvyCodeRNerdFontPropo-Regular	EnvyCodeR/EnvyCodeRNerdFontPropo-Regular.ttf
FantasqueSansMNerdFont-Bold	FantasqueSansMono/Bold/FantasqueSansMNerdFont-Bold.ttf
FantasqueSansMNerdFont-BoldItalic	FantasqueSansMono/Bold-Italic/FantasqueSansMNerdFont-BoldItalic.ttf
FantasqueSansMNerdFont-Italic	FantasqueSansMono/Italic/FantasqueSansMNerdFont-Italic.ttf
FantasqueSansMNerdFont-Regular	FantasqueSansMono/Regular/FantasqueSansMNerdFont-Regular.ttf
FantasqueSansMNerdFontMono-Bold	FantasqueSansMono/Bold/FantasqueSansMNerdFontMono-Bold.ttf
FantasqueSansMNerdFontMono-BoldItalic	FantasqueSansMono/Bold-Italic/FantasqueSansMNerdFontMono-BoldItalic.ttf
FantasqueSansMNerdFontMono-Italic	FantasqueSansMono/Italic/FantasqueSansMNerdFontMono-Italic.ttf
FantasqueSansMNerdFontMono-Regular	FantasqueSansMono/Regular/FantasqueSansMNerdFontMono-Regular.ttf
FantasqueSansMNerdFontPropo-Bold	FantasqueSansMono/Bold/FantasqueSansMNerdFontPropo-Bold.ttf
FantasqueSansMNerdFontPropo-BoldItalic	FantasqueSansMono/Bold-Italic/FantasqueSansMNerdFontPropo-BoldItalic.ttf
FantasqueSansMNerdFontPropo-Italic	FantasqueSansMono/Italic/FantasqueSansMNerdFontPropo-Italic.ttf
FantasqueSansMNerdFontPropo-Regular	FantasqueSansMono/Regular/FantasqueSansMNerdFontPropo-Regular.ttf
FiraCodeNerdFont-Bold	FiraCode/Bold/FiraCodeNerdFont-Bold.ttf
FiraCodeNerdFont-Light	FiraCode/Light/FiraCodeNerdFont-Light.ttf
FiraCodeNerdFont-Medium	FiraCode/Medium/FiraCodeNerdFont-Medium.ttf
FiraCodeNerdFont-Regular	FiraCode/Regular/FiraCodeNerdFont-Regular.ttf
FiraCodeNerdFont-Retina	FiraCode/Retina/FiraCodeNerdFont-Retina.ttf
FiraCodeNerdFont-SemiBold	FiraCode/SemiBold/FiraCodeNerdFont-SemiBold.ttf
FiraCodeNerdFontMono-Bold	FiraCode/Bold/FiraCodeNerdFontMono-Bold.ttf
FiraCodeNerdFontMono-Light	FiraCode/Light/FiraCodeNerdFontMono-Light.ttf
FiraCodeNerdFontMono-Medium	FiraCode/Medium/FiraCodeNerdFontMono-Medium.ttf
FiraCodeNerdFontMono-Regular	FiraCode/Regular/FiraCodeNerdFontMono-Regular.ttf
FiraCodeNerdFontMono-Retina	FiraCode/Retina/FiraCodeNerdFontMono-Retina.ttf
FiraCodeNerdFontMono-SemiBold	FiraCode/SemiBold/FiraCodeNerdFontMono-SemiBold.ttf
FiraCodeNerdFontPropo-Bold	FiraCode/Bold/FiraCodeNerdFontPropo-Bold.ttf
FiraCodeNerdFontPropo-Light	FiraCode/Light/FiraCodeNerdFontPropo-Light.ttf
FiraCodeNerdFontPropo-Medium	FiraCode/Medium/FiraCodeNerdFontPropo-Medium.ttf
FiraCodeNerdFontPropo-Regular	FiraCode/Regular/FiraCodeNerdFontPropo-Regular.ttf
FiraCodeNerdFontPropo-Retina	FiraCode/Retina/FiraCodeNerdFontPropo-Retina.ttf
FiraCodeNerdFontPropo-SemiBold	FiraCode/SemiBold/FiraCodeNerdFontPropo-SemiBold.ttf
FiraMonoNerdFont-Bold	FiraMono/Bold/FiraMonoNerdFont-Bold.otf
FiraMonoNerdFont-Medium	FiraMono/Medium/FiraMonoNerdFont-Medium.otf
FiraMonoNerdFont-Regular	FiraMono/Regular/FiraMonoNerdFont-Regular.otf
FiraMonoNerdFontMono-Bold	FiraMono/Bold/FiraMonoNerdFontMono-Bold.otf
FiraMonoNerdFontMono-Medium	FiraMono/Medium/FiraMonoNerdFontMono-Medium.otf
FiraMonoNerdFontMono-Regular	FiraMono/Regular/FiraMonoNerdFontMono-Regular.otf
FiraMonoNerdFontPropo-Bold	FiraMono/Bold/FiraMonoNerdFontPropo-Bold.otf
FiraMonoNerdFontPropo-Medium	FiraMono/Medium/FiraMonoNerdFontPropo-Medium.otf
FiraMonoNerdFontPropo-Regular	FiraMono/Regular/FiraMonoNerdFontPropo-Regular.otf
GoMonoNerdFont-Bold	Go-Mono/Bold/GoMonoNerdFont-Bold.ttf
GoMonoNerdFont-BoldItalic	Go-Mono/Bold-Italic/GoMonoNerdFont-BoldItalic.ttf
GoMonoNerdFont-Italic	Go-Mono/Italic/GoMonoNerdFont-Italic.ttf
GoMonoNerdFont-Regular	Go-Mono/Regular/GoMonoNerdFont-Regular.ttf
GoMonoNerdFontMono-Bold	Go-Mono/Bold/GoMonoNerdFontMono-Bold.ttf
GoMonoNerdFontMono-BoldItalic	Go-Mono/Bold-Italic/GoMonoNerdFontMono-BoldItalic.ttf
GoMonoNerdFontMono-Italic	Go-Mono/Italic/GoMonoNerdFontMono-Italic.ttf
GoMonoNerdFontMono-Regular	Go-Mono/Regular/GoMonoNerdFontMono-Regular.ttf
GoMonoNerdFontPropo-Bold	Go-Mono/Bold/GoMonoNerdFontPropo-Bold.ttf
GoMonoNerdFontPropo-BoldItalic	Go-Mono/Bold-Italic/GoMonoNerdFontPropo-BoldItalic.ttf
GoMonoNerdFontPropo-Italic	Go-Mono/Italic/GoMonoNerdFontPropo-Italic.ttf
GoMonoNerdFontPropo-Regular	Go-Mono/Regular/GoMonoNerdFontPropo-Regular.ttf
GohuFont11NerdFont-Regular	Gohu/11/GohuFont11NerdFont-Regular.ttf
GohuFont11NerdFontMono-Regular	Gohu/11/GohuFont11NerdFontMono-Regular.ttf
GohuFont11NerdFontPropo-Regular	Gohu/11/GohuFont11NerdFontPropo-Regular.ttf
GohuFont14NerdFont-Regular	Gohu/14/GohuFont14NerdFont-Regular.ttf
GohuFont14NerdFontMono-Regular	Gohu/14/GohuFont14NerdFontMono-Regular.ttf
GohuFont14NerdFontPropo-Regular	Gohu/14/GohuFont14NerdFontPropo-Regular.ttf
GohuFontuni11NerdFont-Regular	Gohu/uni-11/GohuFontuni11NerdFont-Regular.ttf
GohuFontuni11NerdFontMono-Regular	Gohu/uni-11/GohuFontuni11NerdFontMono-Regular.ttf
GohuFontuni11NerdFontPropo-Regular	Gohu/uni-11/GohuFontuni11NerdFontPropo-Regular.ttf
GohuFontuni14NerdFont-Regular	Gohu/uni-14/GohuFontuni14NerdFont-Regular.ttf
GohuFontuni14NerdFontMono-Regular	Gohu/uni-14/GohuFontuni14NerdFontMono-Regular.ttf
GohuFontuni14NerdFontPropo-Regular	Gohu/uni-14/GohuFontuni14NerdFontPropo-Regular.ttf
HackNerdFont-Bold	Hack/Bold/HackNerdFont-Bold.ttf
HackNerdFont-BoldItalic	Hack/BoldItalic/HackNerdFont-BoldItalic.ttf
HackNerdFont-Italic	Hack/Italic/HackNerdFont-Italic.ttf
HackNerdFont-Regular	Hack/Regular/HackNerdFont-Regular.ttf
HackNerdFontMono-Bold	Hack/Bold/HackNerdFontMono-Bold.ttf
HackNerdFontMono-BoldItalic	Hack/BoldItalic/HackNerdFontMono-BoldItalic.ttf
HackNerdFontMono-Italic	Hack/Italic/HackNerdFontMono-Italic.ttf
HackNerdFontMono-Regular	Hack/Regular/HackNerdFontMono-Regular.ttf
HackNerdFontPropo-Bold	Hack/Bold/HackNerdFontPropo-Bold.ttf
HackNerdFontPropo-BoldItalic	Hack/BoldItalic/HackNerdFontPropo-BoldItalic.ttf
HackNerdFontPropo-Italic	Hack/Italic/HackNerdFontPropo-Italic.ttf
HackNerdFontPropo-Regular	Hack/Regular/HackNerdFontPropo-Regular.ttf
HasklugNerdFont-Black	Hasklig/Black/HasklugNerdFont-Black.otf
HasklugNerdFont-BlackItalic	Hasklig/Black-Italic/HasklugNerdFont-BlackItalic.otf
HasklugNerdFont-Bold	Hasklig/Bold/HasklugNerdFont-Bold.otf
HasklugNerdFont-BoldItalic	Hasklig/Bold-Italic/HasklugNerdFont-BoldItalic.otf
HasklugNerdFont-ExtraLight	Hasklig/Extra-Light/HasklugNerdFont-ExtraLight.otf
HasklugNerdFont-ExtraLightItalic	Hasklig/Extra-Light-Italic/HasklugNerdFont-ExtraLightItalic.otf
HasklugNerdFont-Italic	Hasklig/Italic/HasklugNerdFont-Italic.otf
HasklugNerdFont-Light	Hasklig/Light/HasklugNerdFont-Light.otf
HasklugNerdFont-LightItalic	Hasklig/Light-Italic/HasklugNerdFont-LightItalic.otf
HasklugNerdFont-Medium	Hasklig/Medium/HasklugNerdFont-Medium.otf
HasklugNerdFont-MediumItalic	Hasklig/Medium-Italic/HasklugNerdFont-MediumItalic.otf
HasklugNerdFont-Regular	Hasklig/Regular/HasklugNerdFont-Regular.otf
HasklugNerdFont-SemiBold	Hasklig/Semibold/HasklugNerdFont-SemiBold.otf
HasklugNerdFont-SemiBoldItalic	Hasklig/Semibold-Italic/HasklugNerdFont-SemiBoldItalic.otf
HasklugNerdFontMono-Black	Hasklig/Black/HasklugNerdFontMono-Black.otf
HasklugNerdFontMono-BlackItalic	Hasklig/Black-Italic/HasklugNerdFontMono-BlackItalic.otf
HasklugNerdFontMono-Bold	Hasklig/Bold/HasklugNerdFontMono-Bold.otf
HasklugNerdFontMono-BoldItalic	Hasklig/Bold-Italic/HasklugNerdFontMono-BoldItalic.otf
HasklugNerdFontMono-ExtraLight	Hasklig/Extra-Light/HasklugNerdFontMono-ExtraLight.otf
HasklugNerdFontMono-ExtraLightItalic	Hasklig/Extra-Light-Italic/HasklugNerdFontMono-ExtraLightItalic.otf
HasklugNerdFontMono-Italic	Hasklig/Italic/HasklugNerdFontMono-Italic.otf
HasklugNerdFontMono-Light	Hasklig/Light/HasklugNerdFontMono-Light.otf
HasklugNerdFontMono-LightItalic	Hasklig/Light-Italic/HasklugNerdFontMono-LightItalic.otf
HasklugNerdFontMono-Medium	Hasklig/Medium/HasklugNerdFontMono-Medium.otf
HasklugNerdFontMono-MediumItalic	Hasklig/Medium-Italic/HasklugNerdFontMono-MediumItalic.otf
HasklugNerdFontMono-Regular	Hasklig/Regular/HasklugNerdFontMono-Regular.otf
HasklugNerdFontMono-SemiBold	Hasklig/Semibold/HasklugNerdFontMono-SemiBold.otf
HasklugNerdFontMono-SemiBoldItalic	Hasklig/Semibold-Italic/HasklugNerdFontMono-SemiBoldItalic.otf
HasklugNerdFontPropo-Black	Hasklig/Black/HasklugNerdFontPropo-Black.otf
HasklugNerdFontPropo-BlackItalic	Hasklig/Black-Italic/HasklugNerdFontPropo-BlackItalic.otf
HasklugNerdFontPropo-Bold	Hasklig/Bold/HasklugNerdFontPropo-Bold.otf
HasklugNerdFontPropo-BoldItalic	Hasklig/Bold-Italic/HasklugNerdFontPropo-BoldItalic.otf
HasklugNerdFontPropo-ExtraLight	Hasklig/Extra-Light/HasklugNerdFontPropo-ExtraLight.otf
HasklugNerdFontPropo-ExtraLightItalic	Hasklig/Extra-Light-Italic/HasklugNerdFontPropo-ExtraLightItalic.otf
HasklugNerdFontPropo-Italic	Hasklig/Italic/HasklugNerdFontPropo-Italic.otf
HasklugNerdFontPropo-Light	Hasklig/Light/HasklugNerdFontPropo-Light.otf
HasklugNerdFontPropo-LightItalic	Hasklig/Light-Italic/HasklugNerdFontPropo-LightItalic.otf
HasklugNerdFontPropo-Medium	Hasklig/Medium/HasklugNerdFontPropo-Medium.otf
HasklugNerdFontPropo-MediumItalic	Hasklig/Medium-Italic/HasklugNerdFontPropo-MediumItalic.otf
HasklugNerdFontPropo-Regular	Hasklig/Regular/HasklugNerdFontPropo-Regular.otf
HasklugNerdFontPropo-SemiBold	Hasklig/Semibold/HasklugNerdFontPropo-SemiBold.otf
HasklugNerdFontPropo-SemiBoldItalic	Hasklig/Semibold-Italic/HasklugNerdFontPropo-SemiBoldItalic.otf
HeavyDataNerdFont-Regular	HeavyData/HeavyDataNerdFont-Regular.ttf
HeavyDataNerdFontPropo-Regular	HeavyData/HeavyDataNerdFontPropo-Regular.ttf
HurmitNerdFont-Bold	Hermit/Bold/HurmitNerdFont-Bold.otf
HurmitNerdFont-BoldItalic	Hermit/Bold-Italic/HurmitNerdFont-BoldItalic.otf
HurmitNerdFont-Italic	Hermit/Italic/HurmitNerdFont-Italic.otf
HurmitNerdFont-Light	Hermit/Light/HurmitNerdFont-Light.otf
HurmitNerdFont-LightItalic	Hermit/Light-Italic/HurmitNerdFont-LightItalic.otf
HurmitNerdFont-Regular	Hermit/Regular/HurmitNerdFont-Regular.otf
HurmitNerdFontMono-Bold	Hermit/Bold/HurmitNerdFontMono-Bold.otf
HurmitNerdFontMono-BoldItalic	Hermit/Bold-Italic/HurmitNerdFontMono-BoldItalic.otf
HurmitNerdFontMono-Italic	Hermit/Italic/HurmitNerdFontMono-Italic.otf
HurmitNerdFontMono-Light	Hermit/Light/HurmitNerdFontMono-Light.otf
HurmitNerdFontMono-LightItalic	Hermit/Light-Italic/HurmitNerdFontMono-LightItalic.otf
HurmitNerdFontMono-Regular	Hermit/Regular/HurmitNerdFontMono-Regular.otf
HurmitNerdFontPropo-Bold	Hermit/Bold/HurmitNerdFontPropo-Bold.otf
HurmitNerdFontPropo-BoldItalic	Hermit/Bold-Italic/HurmitNerdFontPropo-BoldItalic.otf
HurmitNerdFontPropo-Italic	Hermit/Italic/HurmitNerdFontPropo-Italic.otf
HurmitNerdFontPropo-Light	Hermit/Light/HurmitNerdFontPropo-Light.otf
HurmitNerdFontPropo-LightItalic	Hermit/Light-Italic/HurmitNerdFontPropo-LightItalic.otf
HurmitNerdFontPropo-Regular	Hermit/Regular/HurmitNerdFontPropo-Regular.otf
InconsolataGoNerdFont-Bold	InconsolataGo/Bold/InconsolataGoNerdFont-Bold.ttf
InconsolataGoNerdFont-Regular	InconsolataGo/Regular/InconsolataGoNerdFont-Regular.ttf
InconsolataGoNerdFontMono-Bold	InconsolataGo/Bold/InconsolataGoNerdFontMono-Bold.ttf
InconsolataGoNerdFontMono-Regular	InconsolataGo/Regular/InconsolataGoNerdFontMono-Regular.ttf
InconsolataGoNerdFontPropo-Bold	InconsolataGo/Bold/InconsolataGoNerdFontPropo-Bold.ttf
InconsolataGoNerdFontPropo-Regular	InconsolataGo/Regular/InconsolataGoNerdFontPropo-Regular.ttf
InconsolataLGCNerdFont-Bold	InconsolataLGC/InconsolataLGCNerdFont-Bold.ttf
InconsolataLGCNerdFont-BoldItalic	InconsolataLGC/InconsolataLGCNerdFont-BoldItalic.ttf
InconsolataLGCNerdFont-Italic	InconsolataLGC/InconsolataLGCNerdFont-Italic.ttf
InconsolataLGCNerdFont-Regular	InconsolataLGC/InconsolataLGCNerdFont-Regular.ttf
InconsolataLGCNerdFontMono-Bold	InconsolataLGC/InconsolataLGCNerdFontMono-Bold.ttf
InconsolataLGCNerdFontMono-BoldItalic	InconsolataLGC/InconsolataLGCNerdFontMono-BoldItalic.ttf
InconsolataLGCNerdFontMono-Italic	InconsolataLGC/InconsolataLGCNerdFontMono-Italic.ttf
InconsolataLGCNerdFontMono-Regular	InconsolataLGC/InconsolataLGCNerdFontMono-Regular.ttf
InconsolataLGCNerdFontPropo-Bold	InconsolataLGC/InconsolataLGCNerdFontPropo-Bold.ttf
InconsolataLGCNerdFontPropo-BoldItalic	InconsolataLGC/InconsolataLGCNerdFontPropo-BoldItalic.ttf
InconsolataLGCNerdFontPropo-Italic	InconsolataLGC/InconsolataLGCNerdFontPropo-Italic.ttf
InconsolataLGCNerdFontPropo-Regular	InconsolataLGC/InconsolataLGCNerdFontPropo-Regular.ttf
InconsolataNerdFont-Bold	Inconsolata/InconsolataNerdFont-Bold.ttf
InconsolataNerdFont-Regular	Inconsolata/InconsolataNerdFont-Regular.ttf
InconsolataNerdFontMono-Bold	Inconsolata/InconsolataNerdFontMono-Bold.ttf
InconsolataNerdFontMono-Regular	Inconsolata/InconsolataNerdFontMono-Regular.ttf
InconsolataNerdFontPropo-Bold	Inconsolata/InconsolataNerdFontPropo-Bold.ttf
InconsolataNerdFontPropo-Regular	Inconsolata/InconsolataNerdFontPropo-Regular.ttf
IosevkaNerdFont-Bold	Iosevka/IosevkaNerdFont-Bold.ttf
IosevkaNerdFont-BoldItalic	Iosevka/IosevkaNerdFont-BoldItalic.ttf
IosevkaNerdFont-BoldOblique	Iosevka/IosevkaNerdFont-BoldOblique.ttf
IosevkaNerdFont-ExtraBold	Iosevka/IosevkaNerdFont-ExtraBold.ttf
IosevkaNerdFont-ExtraBoldItalic	Iosevka/IosevkaNerdFont-ExtraBoldItalic.ttf
IosevkaNerdFont-ExtraBoldOblique	Iosevka/IosevkaNerdFont-ExtraBoldOblique.ttf
IosevkaNerdFont-ExtraLight	Iosevka/IosevkaNerdFont-ExtraLight.ttf
IosevkaNerdFont-ExtraLightItalic	Iosevka/IosevkaNerdFont-ExtraLightItalic.ttf
IosevkaNerdFont-ExtraLightOblique	Iosevka/IosevkaNerdFont-ExtraLightOblique.ttf
IosevkaNerdFont-Heavy	Iosevka/IosevkaNerdFont-Heavy.ttf
IosevkaNerdFont-HeavyItalic	Iosevka/IosevkaNerdFont-HeavyItalic.ttf
IosevkaNerdFont-HeavyOblique	Iosevka/IosevkaNerdFont-HeavyOblique.ttf
IosevkaNerdFont-Italic	Iosevka/IosevkaNerdFont-Italic.ttf
IosevkaNerdFont-Light	Iosevka/IosevkaNerdFont-Light.ttf
IosevkaNerdFont-LightItalic	Iosevka/IosevkaNerdFont-LightItalic.ttf
IosevkaNerdFont-LightOblique	Iosevka/IosevkaNerdFont-LightOblique.ttf
IosevkaNerdFont-Medium	Iosevka/IosevkaNerdFont-Medium.ttf
IosevkaNerdFont-MediumItalic	Iosevka/IosevkaNerdFont-MediumItalic.ttf
IosevkaNerdFont-MediumOblique	Iosevka/IosevkaNerdFont-MediumOblique.ttf
IosevkaNerdFont-Oblique	Iosevka/IosevkaNerdFont-Oblique.ttf
IosevkaNerdFont-Regular	Iosevka/IosevkaNerdFont-Regular.ttf
IosevkaNerdFont-SemiBold	Iosevka/IosevkaNerdFont-SemiBold.ttf
IosevkaNerdFont-SemiBoldItalic	Iosevka/IosevkaNerdFont-SemiBoldItalic.ttf
IosevkaNerdFont-SemiBoldOblique	Iosevka/IosevkaNerdFont-SemiBoldOblique.ttf
IosevkaNerdFont-Thin	Iosevka/IosevkaNerdFont-Thin.ttf
IosevkaNerdFont-ThinItalic	Iosevka/IosevkaNerdFont-ThinItalic.ttf
IosevkaNerdFont-ThinOblique	Iosevka/IosevkaNerdFont-ThinOblique.ttf
IosevkaNerdFontMono-Bold	Iosevka/IosevkaNerdFontMono-Bold.ttf
IosevkaNerdFontMono-BoldItalic	Iosevka/IosevkaNerdFontMono-BoldItalic.ttf
IosevkaNerdFontMono-BoldOblique	Iosevka/IosevkaNerdFontMono-BoldOblique.ttf
IosevkaNerdFontMono-ExtraBold	Iosevka/IosevkaNerdFontMono-ExtraBold.ttf
IosevkaNerdFontMono-ExtraBoldItalic	Iosevka/IosevkaNerdFontMono-ExtraBoldItalic.ttf
IosevkaNerdFontMono-ExtraBoldOblique	Iosevka/IosevkaNerdFontMono-ExtraBoldOblique.ttf
IosevkaNerdFontMono-ExtraLight	Iosevka/IosevkaNerdFontMono-ExtraLight.ttf
IosevkaNerdFontMono-ExtraLightItalic	Iosevka/IosevkaNerdFontMono-ExtraLightItalic.ttf
IosevkaNerdFontMono-ExtraLightOblique	Iosevka/IosevkaNerdFontMono-ExtraLightOblique.ttf
IosevkaNerdFontMono-Heavy	Iosevka/IosevkaNerdFontMono-Heavy.ttf
IosevkaNerdFontMono-HeavyItalic	Iosevka/IosevkaNerdFontMono-HeavyItalic.ttf
IosevkaNerdFontMono-HeavyOblique	Iosevka/IosevkaNerdFontMono-HeavyOblique.ttf
IosevkaNerdFontMono-Italic	Iosevka/IosevkaNerdFontMono-Italic.ttf
IosevkaNerdFontMono-Light	Iosevka/IosevkaNerdFontMono-Light.ttf
IosevkaNerdFontMono-LightItalic	Iosevka/IosevkaNerdFontMono-LightItalic.ttf
IosevkaNerdFontMono-LightOblique	Iosevka/IosevkaNerdFontMono-LightOblique.ttf
IosevkaNerdFontMono-Medium	Iosevka/IosevkaNerdFontMono-Medium.ttf
IosevkaNerdFontMono-MediumItalic	Iosevka/IosevkaNerdFontMono-MediumItalic.ttf
IosevkaNerdFontMono-MediumOblique	Iosevka/IosevkaNerdFontMono-MediumOblique.ttf
IosevkaNerdFontMono-Oblique	Iosevka/IosevkaNerdFontMono-Oblique.ttf
IosevkaNerdFontMono-Regular	Iosevka/IosevkaNerdFontMono-Regular.ttf
IosevkaNerdFontMono-SemiBold	Iosevka/IosevkaNerdFontMono-SemiBold.ttf
IosevkaNerdFontMono-SemiBoldItalic	Iosevka/IosevkaNerdFontMono-SemiBoldItalic.ttf
IosevkaNerdFontMono-SemiBoldOblique	Iosevka/IosevkaNerdFontMono-SemiBoldOblique.ttf
IosevkaNerdFontMono-Thin	Iosevka/IosevkaNerdFontMono-Thin.ttf
IosevkaNerdFontMono-ThinItalic	Iosevka/IosevkaNerdFontMono-ThinItalic.ttf
IosevkaNerdFontMono-ThinOblique	Iosevka/IosevkaNerdFontMono-ThinOblique.ttf
IosevkaNerdFontPropo-Bold	Iosevka/IosevkaNerdFontPropo-Bold.ttf
IosevkaNerdFontPropo-BoldItalic	Iosevka/IosevkaNerdFontPropo-BoldItalic.ttf
IosevkaNerdFontPropo-BoldOblique	Iosevka/IosevkaNerdFontPropo-BoldOblique.ttf
IosevkaNerdFontPropo-ExtraBold	Iosevka/IosevkaNerdFontPropo-ExtraBold.ttf
IosevkaNerdFontPropo-ExtraBoldItalic	Iosevka/IosevkaNerdFontPropo-ExtraBoldItalic.ttf
IosevkaNerdFontPropo-ExtraBoldOblique	Iosevka/IosevkaNerdFontPropo-ExtraBoldOblique.ttf
IosevkaNerdFontPropo-ExtraLight	Iosevka/IosevkaNerdFontPropo-ExtraLight.ttf
IosevkaNerdFontPropo-ExtraLightItalic	Iosevka/IosevkaNerdFontPropo-ExtraLightItalic.ttf
IosevkaNerdFontPropo-ExtraLightOblique	Iosevka/IosevkaNerdFontPropo-ExtraLightOblique.ttf
IosevkaNerdFontPropo-Heavy	Iosevka/IosevkaNerdFontPropo-Heavy.ttf
IosevkaNerdFontPropo-HeavyItalic	Iosevka/IosevkaNerdFontPropo-HeavyItalic.ttf
IosevkaNerdFontPropo-HeavyOblique	Iosevka/IosevkaNerdFontPropo-HeavyOblique.ttf
IosevkaNerdFontPropo-Italic	Iosevka/IosevkaNerdFontPropo-Italic.ttf
IosevkaNerdFontPropo-Light	Iosevka/IosevkaNerdFontPropo-Light.ttf
IosevkaNerdFontPropo-LightItalic	Iosevka/IosevkaNerdFontPropo-LightItalic.ttf
IosevkaNerdFontPropo-LightOblique	Iosevka/IosevkaNerdFontPropo-LightOblique.ttf
IosevkaNerdFontPropo-Medium	Iosevka/IosevkaNerdFontPropo-Medium.ttf
IosevkaNerdFontPropo-MediumItalic	Iosevka/IosevkaNerdFontPropo-MediumItalic.ttf
IosevkaNerdFontPropo-MediumOblique	Iosevka/IosevkaNerdFontPropo-MediumOblique.ttf
IosevkaNerdFontPropo-Oblique	Iosevka/IosevkaNerdFontPropo-Oblique.ttf
IosevkaNerdFontPropo-Regular	Iosevka/IosevkaNerdFontPropo-Regular.ttf
IosevkaNerdFontPropo-SemiBold	Iosevka/IosevkaNerdFontPropo-SemiBold.ttf
IosevkaNerdFontPropo-SemiBoldItalic	Iosevka/IosevkaNerdFontPropo-SemiBoldItalic.ttf
IosevkaNerdFontPropo-SemiBoldOblique	Iosevka/IosevkaNerdFontPropo-SemiBoldOblique.ttf
IosevkaNerdFontPropo-Thin	Iosevka/IosevkaNerdFontPropo-Thin.ttf
IosevkaNerdFontPropo-ThinItalic	Iosevka/IosevkaNerdFontPropo-ThinItalic.ttf
IosevkaNerdFontPropo-ThinOblique	Iosevka/IosevkaNerdFontPropo-ThinOblique.ttf
IosevkaTermNerdFont-Bold	IosevkaTerm/IosevkaTermNerdFont-Bold.ttf
IosevkaTermNerdFont-BoldItalic	IosevkaTerm/IosevkaTermNerdFont-BoldItalic.ttf
IosevkaTermNerdFont-BoldOblique	IosevkaTerm/IosevkaTermNerdFont-BoldOblique.ttf
IosevkaTermNerdFont-ExtraBold	IosevkaTerm/IosevkaTermNerdFont-ExtraBold.ttf
IosevkaTermNerdFont-ExtraBoldItalic	IosevkaTerm/IosevkaTermNerdFont-ExtraBoldItalic.ttf
IosevkaTermNerdFont-ExtraBoldOblique	IosevkaTerm/IosevkaTermNerdFont-ExtraBoldOblique.ttf
IosevkaTermNerdFont-ExtraLight	IosevkaTerm/IosevkaTermNerdFont-ExtraLight.ttf
IosevkaTermNerdFont-ExtraLightItalic	IosevkaTerm/IosevkaTermNerdFont-ExtraLightItalic.ttf
IosevkaTermNerdFont-ExtraLightOblique	IosevkaTerm/IosevkaTermNerdFont-ExtraLightOblique.ttf
IosevkaTermNerdFont-Heavy	IosevkaTerm/IosevkaTermNerdFont-Heavy.ttf
IosevkaTermNerdFont-HeavyItalic	IosevkaTerm/IosevkaTermNerdFont-HeavyItalic.ttf
IosevkaTermNerdFont-HeavyOblique	IosevkaTerm/IosevkaTermNerdFont-HeavyOblique.ttf
IosevkaTermNerdFont-Italic	IosevkaTerm/IosevkaTermNerdFont-Italic.ttf
IosevkaTermNerdFont-Light	IosevkaTerm/IosevkaTermNerdFont-Light.ttf
IosevkaTermNerdFont-LightItalic	IosevkaTerm/IosevkaTermNerdFont-LightItalic.ttf
IosevkaTermNerdFont-LightOblique	IosevkaTerm/IosevkaTermNerdFont-LightOblique.ttf
IosevkaTermNerdFont-Medium	IosevkaTerm/IosevkaTermNerdFont-Medium.ttf
IosevkaTermNerdFont-MediumItalic	IosevkaTerm/IosevkaTermNerdFont-MediumItalic.ttf
IosevkaTermNerdFont-MediumOblique	IosevkaTerm/IosevkaTermNerdFont-MediumOblique.ttf
IosevkaTermNerdFont-Oblique	IosevkaTerm/IosevkaTermNerdFont-Oblique.ttf
IosevkaTermNerdFont-Regular	IosevkaTerm/IosevkaTermNerdFont-Regular.ttf
IosevkaTermNerdFont-SemiBold	IosevkaTerm/IosevkaTermNerdFont-SemiBold.ttf
IosevkaTermNerdFont-SemiBoldItalic	IosevkaTerm/IosevkaTermNerdFont-SemiBoldItalic.ttf
IosevkaTermNerdFont-SemiBoldOblique	IosevkaTerm/IosevkaTermNerdFont-SemiBoldOblique.ttf
IosevkaTermNerdFont-Thin	IosevkaTerm/IosevkaTermNerdFont-Thin.ttf
IosevkaTermNerdFont-ThinItalic	IosevkaTerm/IosevkaTermNerdFont-ThinItalic.ttf
IosevkaTermNerdFont-ThinOblique	IosevkaTerm/IosevkaTermNerdFont-ThinOblique.ttf
IosevkaTermNerdFontMono-Bold	IosevkaTerm/IosevkaTermNerdFontMono-Bold.ttf
IosevkaTermNerdFontMono-BoldItalic	IosevkaTerm/IosevkaTermNerdFontMono-BoldItalic.ttf
IosevkaTermNerdFontMono-BoldOblique	IosevkaTerm/IosevkaTermNerdFontMono-BoldOblique.ttf
IosevkaTermNerdFontMono-ExtraBold	IosevkaTerm/IosevkaTermNerdFontMono-ExtraBold.ttf
IosevkaTermNerdFontMono-ExtraBoldItalic	IosevkaTerm/IosevkaTermNerdFontMono-ExtraBoldItalic.ttf
IosevkaTermNerdFontMono-ExtraBoldOblique	IosevkaTerm/IosevkaTermNerdFontMono-ExtraBoldOblique.ttf
IosevkaTermNerdFontMono-ExtraLight	IosevkaTerm/IosevkaTermNerdFontMono-ExtraLight.ttf
IosevkaTermNerdFontMono-ExtraLightItalic	IosevkaTerm/IosevkaTermNerdFontMono-ExtraLightItalic.ttf
IosevkaTermNerdFontMono-ExtraLightOblique	IosevkaTerm/IosevkaTermNerdFontMono-ExtraLightOblique.ttf
IosevkaTermNerdFontMono-Heavy	IosevkaTerm/IosevkaTermNerdFontMono-Heavy.ttf
IosevkaTermNerdFontMono-HeavyItalic	IosevkaTerm/IosevkaTermNerdFontMono-HeavyItalic.ttf
IosevkaTermNerdFontMono-HeavyOblique	IosevkaTerm/IosevkaTermNerdFontMono-HeavyOblique.ttf
IosevkaTermNerdFontMono-Italic	IosevkaTerm/IosevkaTermNerdFontMono-Italic.ttf
IosevkaTermNerdFontMono-Light	IosevkaTerm/IosevkaTermNerdFontMono-Light.ttf
IosevkaTermNerdFontMono-LightItalic	IosevkaTerm/IosevkaTermNerdFontMono-LightItalic.ttf
IosevkaTermNerdFontMono-LightOblique	IosevkaTerm/IosevkaTermNerdFontMono-LightOblique.ttf
IosevkaTermNerdFontMono-Medium	IosevkaTerm/IosevkaTermNerdFontMono-Medium.ttf
IosevkaTermNerdFontMono-MediumItalic	IosevkaTerm/IosevkaTermNerdFontMono-MediumItalic.ttf
IosevkaTermNerdFontMono-MediumOblique	IosevkaTerm/IosevkaTermNerdFontMono-MediumOblique.ttf
IosevkaTermNerdFontMono-Oblique	IosevkaTerm/IosevkaTermNerdFontMono-Oblique.ttf
IosevkaTermNerdFontMono-Regular	IosevkaTerm/IosevkaTermNerdFontMono-Regular.ttf
IosevkaTermNerdFontMono-SemiBold	IosevkaTerm/IosevkaTermNerdFontMono-SemiBold.ttf
IosevkaTermNerdFontMono-SemiBoldItalic	IosevkaTerm/IosevkaTermNerdFontMono-SemiBoldItalic.ttf
IosevkaTermNerdFontMono-SemiBoldOblique	IosevkaTerm/IosevkaTermNerdFontMono-SemiBoldOblique.ttf
IosevkaTermNerdFontMono-Thin	IosevkaTerm/IosevkaTermNerdFontMono-Thin.ttf
IosevkaTermNerdFontMono-ThinItalic	IosevkaTerm/IosevkaTermNerdFontMono-ThinItalic.ttf
IosevkaTermNerdFontMono-ThinOblique	IosevkaTerm/IosevkaTermNerdFontMono-ThinOblique.ttf
IosevkaTermNerdFontPropo-Bold	IosevkaTerm/IosevkaTermNerdFontPropo-Bold.ttf
IosevkaTermNerdFontPropo-BoldItalic	IosevkaTerm/IosevkaTermNerdFontPropo-BoldItalic.ttf
IosevkaTermNerdFontPropo-BoldOblique	IosevkaTerm/IosevkaTermNerdFontPropo-BoldOblique.ttf
IosevkaTermNerdFontPropo-ExtraBold	IosevkaTerm/IosevkaTermNerdFontPropo-ExtraBold.ttf
IosevkaTermNerdFontPropo-ExtraBoldItalic	IosevkaTerm/IosevkaTermNerdFontPropo-ExtraBoldItalic.ttf
IosevkaTermNerdFontPropo-ExtraBoldOblique	IosevkaTerm/IosevkaTermNerdFontPropo-ExtraBoldOblique.ttf
IosevkaTermNerdFontPropo-ExtraLight	IosevkaTerm/IosevkaTermNerdFontPropo-ExtraLight.ttf
IosevkaTermNerdFontPropo-ExtraLightItalic	IosevkaTerm/IosevkaTermNerdFontPropo-ExtraLightItalic.ttf
IosevkaTermNerdFontPropo-ExtraLightOblique	IosevkaTerm/IosevkaTermNerdFontPropo-ExtraLightOblique.ttf
IosevkaTermNerdFontPropo-Heavy	IosevkaTerm/IosevkaTermNerdFontPropo-Heavy.ttf
IosevkaTermNerdFontPropo-HeavyItalic	IosevkaTerm/IosevkaTermNerdFontPropo-HeavyItalic.ttf
IosevkaTermNerdFontPropo-HeavyOblique	IosevkaTerm/IosevkaTermNerdFontPropo-HeavyOblique.ttf
IosevkaTermNerdFontPropo-Italic	IosevkaTerm/IosevkaTermNerdFontPropo-Italic.ttf
IosevkaTermNerdFontPropo-Light	IosevkaTerm/IosevkaTermNerdFontPropo-Light.ttf
IosevkaTermNerdFontPropo-LightItalic	IosevkaTerm/IosevkaTermNerdFontPropo-LightItalic.ttf
IosevkaTermNerdFontPropo-LightOblique	IosevkaTerm/IosevkaTermNerdFontPropo-LightOblique.ttf
IosevkaTermNerdFontPropo-Medium	IosevkaTerm/IosevkaTermNerdFontPropo-Medium.ttf
IosevkaTermNerdFontPropo-MediumItalic	IosevkaTerm/IosevkaTermNerdFontPropo-MediumItalic.ttf
IosevkaTermNerdFontPropo-MediumOblique	IosevkaTerm/IosevkaTermNerdFontPropo-MediumOblique.ttf
IosevkaTermNerdFontPropo-Oblique	IosevkaTerm/IosevkaTermNerdFontPropo-Oblique.ttf
IosevkaTermNerdFontPropo-Regular	IosevkaTerm/IosevkaTermNerdFontPropo-Regular.ttf
IosevkaTermNerdFontPropo-SemiBold	IosevkaTerm/IosevkaTermNerdFontPropo-SemiBold.ttf
IosevkaTermNerdFontPropo-SemiBoldItalic	IosevkaTerm/IosevkaTermNerdFontPropo-SemiBoldItalic.ttf
IosevkaTermNerdFontPropo-SemiBoldOblique	IosevkaTerm/IosevkaTermNerdFontPropo-SemiBoldOblique.ttf
IosevkaTermNerdFontPropo-Thin	IosevkaTerm/IosevkaTermNerdFontPropo-Thin.ttf
IosevkaTermNerdFontPropo-ThinItalic	IosevkaTerm/IosevkaTermNerdFontPropo-ThinItalic.ttf
IosevkaTermNerdFontPropo-ThinOblique	IosevkaTerm/IosevkaTermNerdFontPropo-ThinOblique.ttf
JetBrainsMonoNLNerdFont-Bold	JetBrainsMono/NoLigatures/Bold/JetBrainsMonoNLNerdFont-Bold.ttf
JetBrainsMonoNLNerdFont-BoldItalic	JetBrainsMono/NoLigatures/BoldItalic/JetBrainsMonoNLNerdFont-BoldItalic.ttf
JetBrainsMonoNLNerdFont-ExtraBold	JetBrainsMono/NoLigatures/ExtraBold/JetBrainsMonoNLNerdFont-ExtraBold.ttf
JetBrainsMonoNLNerdFont-ExtraBoldItalic	JetBrainsMono/NoLigatures/ExtraBoldItalic/JetBrainsMonoNLNerdFont-ExtraBoldItalic.ttf
JetBrainsMonoNLNerdFont-ExtraLight	JetBrainsMono/NoLigatures/ExtraLight/JetBrainsMonoNLNerdFont-ExtraLight.ttf
JetBrainsMonoNLNerdFont-ExtraLightItalic	JetBrainsMono/NoLigatures/ExtraLightItalic/JetBrainsMonoNLNerdFont-ExtraLightItalic.ttf
JetBrainsMonoNLNerdFont-Italic	JetBrainsMono/NoLigatures/Italic/JetBrainsMonoNLNerdFont-Italic.ttf
JetBrainsMonoNLNerdFont-Light	JetBrainsMono/NoLigatures/Light/JetBrainsMonoNLNerdFont-Light.ttf
JetBrainsMonoNLNerdFont-LightItalic	JetBrainsMono/NoLigatures/LightItalic/JetBrainsMonoNLNerdFont-LightItalic.ttf
JetBrainsMonoNLNerdFont-Medium	JetBrainsMono/NoLigatures/Medium/JetBrainsMonoNLNerdFont-Medium.ttf
JetBrainsMonoNLNerdFont-MediumItalic	JetBrainsMono/NoLigatures/MediumItalic/JetBrainsMonoNLNerdFont-MediumItalic.ttf
JetBrainsMonoNLNerdFont-Regular	JetBrainsMono/NoLigatures/Regular/JetBrainsMonoNLNerdFont-Regular.ttf
JetBrainsMonoNLNerdFont-SemiBold	JetBrainsMono/NoLigatures/SemiBold/JetBrainsMonoNLNerdFont-SemiBold.ttf
JetBrainsMonoNLNerdFont-SemiBoldItalic	JetBrainsMono/NoLigatures/SemiBoldItalic/JetBrainsMonoNLNerdFont-SemiBoldItalic.ttf
JetBrainsMonoNLNerdFont-Thin	JetBrainsMono/NoLigatures/Thin/JetBrainsMonoNLNerdFont-Thin.ttf
JetBrainsMonoNLNerdFont-ThinItalic	JetBrainsMono/NoLigatures/ThinItalic/JetBrainsMonoNLNerdFont-ThinItalic.ttf
JetBrainsMonoNLNerdFontMono-Bold	JetBrainsMono/NoLigatures/Bold/JetBrainsMonoNLNerdFontMono-Bold.ttf
JetBrainsMonoNLNerdFontMono-BoldItalic	JetBrainsMono/NoLigatures/BoldItalic/JetBrainsMonoNLNerdFontMono-BoldItalic.ttf
JetBrainsMonoNLNerdFontMono-ExtraBold	JetBrainsMono/NoLigatures/ExtraBold/JetBrainsMonoNLNerdFontMono-ExtraBold.ttf
JetBrainsMonoNLNerdFontMono-ExtraBoldItalic	JetBrainsMono/NoLigatures/ExtraBoldItalic/JetBrainsMonoNLNerdFontMono-ExtraBoldItalic.ttf
JetBrainsMonoNLNerdFontMono-ExtraLight	JetBrainsMono/NoLigatures/ExtraLight/JetBrainsMonoNLNerdFontMono-ExtraLight.ttf
JetBrainsMonoNLNerdFontMono-ExtraLightItalic	JetBrainsMono/NoLigatures/ExtraLightItalic/JetBrainsMonoNLNerdFontMono-ExtraLightItalic.ttf
JetBrainsMonoNLNerdFontMono-Italic	JetBrainsMono/NoLigatures/Italic/JetBrainsMonoNLNerdFontMono-Italic.ttf
JetBrainsMonoNLNerdFontMono-Light	JetBrainsMono/NoLigatures/Light/JetBrainsMonoNLNerdFontMono-Light.ttf
JetBrainsMonoNLNerdFontMono-LightItalic	JetBrainsMono/NoLigatures/LightItalic/JetBrainsMonoNLNerdFontMono-LightItalic.ttf
JetBrainsMonoNLNerdFontMono-Medium	JetBrainsMono/NoLigatures/Medium/JetBrainsMonoNLNerdFontMono-Medium.ttf
JetBrainsMonoNLNerdFontMono-MediumItalic	JetBrainsMono/NoLigatures/MediumItalic/JetBrainsMonoNLNerdFontMono-MediumItalic.ttf
JetBrainsMonoNLNerdFontMono-Regular	JetBrainsMono/NoLigatures/Regular/JetBrainsMonoNLNerdFontMono-Regular.ttf
JetBrainsMonoNLNerdFontMono-SemiBold	JetBrainsMono/NoLigatures/SemiBold/JetBrainsMonoNLNerdFontMono-SemiBold.ttf
JetBrainsMonoNLNerdFontMono-SemiBoldItalic	JetBrainsMono/NoLigatures/SemiBoldItalic/JetBrainsMonoNLNerdFontMono-SemiBoldItalic.ttf
JetBrainsMonoNLNerdFontMono-Thin	JetBrainsMono/NoLigatures/Thin/JetBrainsMonoNLNerdFontMono-Thin.ttf
JetBrainsMonoNLNerdFontMono-ThinItalic	JetBrainsMono/NoLigatures/ThinItalic/JetBrainsMonoNLNerdFontMono-ThinItalic.ttf
JetBrainsMonoNLNerdFontPropo-Bold	JetBrainsMono/NoLigatures/Bold/JetBrainsMonoNLNerdFontPropo-Bold.ttf
JetBrainsMonoNLNerdFontPropo-BoldItalic	JetBrainsMono/NoLigatures/BoldItalic/JetBrainsMonoNLNerdFontPropo-BoldItalic.ttf
JetBrainsMonoNLNerdFontPropo-ExtraBold	JetBrainsMono/NoLigatures/ExtraBold/JetBrainsMonoNLNerdFontPropo-ExtraBold.ttf
JetBrainsMonoNLNerdFontPropo-ExtraBoldItalic	JetBrainsMono/NoLigatures/ExtraBoldItalic/JetBrainsMonoNLNerdFontPropo-ExtraBoldItalic.ttf
JetBrainsMonoNLNerdFontPropo-ExtraLight	JetBrainsMono/NoLigatures/ExtraLight/JetBrainsMonoNLNerdFontPropo-ExtraLight.ttf
JetBrainsMonoNLNerdFontPropo-ExtraLightItalic	JetBrainsMono/NoLigatures/ExtraLightItalic/JetBrainsMonoNLNerdFontPropo-ExtraLightItalic.ttf
JetBrainsMonoNLNerdFontPropo-Italic	JetBrainsMono/NoLigatures/Italic/JetBrainsMonoNLNerdFontPropo-Italic.ttf
JetBrainsMonoNLNerdFontPropo-Light	JetBrainsMono/NoLigatures/Light/JetBrainsMonoNLNerdFontPropo-Light.ttf
JetBrainsMonoNLNerdFontPropo-LightItalic	JetBrainsMono/NoLigatures/LightItalic/JetBrainsMonoNLNerdFontPropo-LightItalic.ttf
JetBrainsMonoNLNerdFontPropo-Medium	JetBrainsMono/NoLigatures/Medium/JetBrainsMonoNLNerdFontPropo-Medium.ttf
JetBrainsMonoNLNerdFontPropo-MediumItalic	JetBrainsMono/NoLigatures/MediumItalic/JetBrainsMonoNLNerdFontPropo-MediumItalic.ttf
JetBrainsMonoNLNerdFontPropo-Regular	JetBrainsMono/NoLigatures/Regular/JetBrainsMonoNLNerdFontPropo-Regular.ttf
JetBrainsMonoNLNerdFontPropo-SemiBold	JetBrainsMono/NoLigatures/SemiBold/JetBrainsMonoNLNerdFontPropo-SemiBold.ttf
JetBrainsMonoNLNerdFontPropo-SemiBoldItalic	JetBrainsMono/NoLigatures/SemiBoldItalic/JetBrainsMonoNLNerdFontPropo-SemiBoldItalic.ttf
JetBrainsMonoNLNerdFontPropo-Thin	JetBrainsMono/NoLigatures/Thin/JetBrainsMonoNLNerdFontPropo-Thin.ttf
JetBrainsMonoNLNerdFontPropo-ThinItalic	JetBrainsMono/NoLigatures/ThinItalic/JetBrainsMonoNLNerdFontPropo-ThinItalic.ttf
JetBrainsMonoNerdFont-Bold	JetBrainsMono/Ligatures/Bold/JetBrainsMonoNerdFont-Bold.ttf
JetBrainsMonoNerdFont-BoldItalic	JetBrainsMono/Ligatures/BoldItalic/JetBrainsMonoNerdFont-BoldItalic.ttf
JetBrainsMonoNerdFont-ExtraBold	JetBrainsMono/Ligatures/ExtraBold/JetBrainsMonoNerdFont-ExtraBold.ttf
JetBrainsMonoNerdFont-ExtraBoldItalic	JetBrainsMono/Ligatures/ExtraBoldItalic/JetBrainsMonoNerdFont-ExtraBoldItalic.ttf
JetBrainsMonoNerdFont-ExtraLight	JetBrainsMono/Ligatures/ExtraLight/JetBrainsMonoNerdFont-ExtraLight.ttf
JetBrainsMonoNerdFont-ExtraLightItalic	JetBrainsMono/Ligatures/ExtraLightItalic/JetBrainsMonoNerdFont-ExtraLightItalic.ttf
JetBrainsMonoNerdFont-Italic	JetBrainsMono/Ligatures/Italic/JetBrainsMonoNerdFont-Italic.ttf
JetBrainsMonoNerdFont-Light	JetBrainsMono/Ligatures/Light/JetBrainsMonoNerdFont-Light.ttf
JetBrainsMonoNerdFont-LightItalic	JetBrainsMono/Ligatures/LightItalic/JetBrainsMonoNerdFont-LightItalic.ttf
JetBrainsMonoNerdFont-Medium	JetBrainsMono/Ligatures/Medium/JetBrainsMonoNerdFont-Medium.ttf
JetBrainsMonoNerdFont-MediumItalic	JetBrainsMono/Ligatures/MediumItalic/JetBrainsMonoNerdFont-MediumItalic.ttf
JetBrainsMonoNerdFont-Regular	JetBrainsMono/Ligatures/Regular/JetBrainsMonoNerdFont-Regular.ttf
JetBrainsMonoNerdFont-SemiBold	JetBrainsMono/Ligatures/SemiBold/JetBrainsMonoNerdFont-SemiBold.ttf
JetBrainsMonoNerdFont-SemiBoldItalic	JetBrainsMono/Ligatures/SemiBoldItalic/JetBrainsMonoNerdFont-SemiBoldItalic.ttf
JetBrainsMonoNerdFont-Thin	JetBrainsMono/Ligatures/Thin/JetBrainsMonoNerdFont-Thin.ttf
JetBrainsMonoNerdFont-ThinItalic	JetBrainsMono/Ligatures/ThinItalic/JetBrainsMonoNerdFont-ThinItalic.ttf
JetBrainsMonoNerdFontMono-Bold	JetBrainsMono/Ligatures/Bold/JetBrainsMonoNerdFontMono-Bold.ttf
JetBrainsMonoNerdFontMono-BoldItalic	JetBrainsMono/Ligatures/BoldItalic/JetBrainsMonoNerdFontMono-BoldItalic.ttf
JetBrainsMonoNerdFontMono-ExtraBold	JetBrainsMono/Ligatures/ExtraBold/JetBrainsMonoNerdFontMono-ExtraBold.ttf
JetBrainsMonoNerdFontMono-ExtraBoldItalic	JetBrainsMono/Ligatures/ExtraBoldItalic/JetBrainsMonoNerdFontMono-ExtraBoldItalic.ttf
JetBrainsMonoNerdFontMono-ExtraLight	JetBrainsMono/Ligatures/ExtraLight/JetBrainsMonoNerdFontMono-ExtraLight.ttf
JetBrainsMonoNerdFontMono-ExtraLightItalic	JetBrainsMono/Ligatures/ExtraLightItalic/JetBrainsMonoNerdFontMono-ExtraLightItalic.ttf
JetBrainsMonoNerdFontMono-Italic	JetBrainsMono/Ligatures/Italic/JetBrainsMonoNerdFontMono-Italic.ttf
JetBrainsMonoNerdFontMono-Light	JetBrainsMono/Ligatures/Light/JetBrainsMonoNerdFontMono-Light.ttf
JetBrainsMonoNerdFontMono-LightItalic	JetBrainsMono/Ligatures/LightItalic/JetBrainsMonoNerdFontMono-LightItalic.ttf
JetBrainsMonoNerdFontMono-Medium	JetBrainsMono/Ligatures/Medium/JetBrainsMonoNerdFontMono-Medium.ttf
JetBrainsMonoNerdFontMono-MediumItalic	JetBrainsMono/Ligatures/MediumItalic/JetBrainsMonoNerdFontMono-MediumItalic.ttf
JetBrainsMonoNerdFontMono-Regular	JetBrainsMono/Ligatures/Regular/JetBrainsMonoNerdFontMono-Regular.ttf
JetBrainsMonoNerdFontMono-SemiBold	JetBrainsMono/Ligatures/SemiBold/JetBrainsMonoNerdFontMono-SemiBold.ttf
JetBrainsMonoNerdFontMono-SemiBoldItalic	JetBrainsMono/Ligatures/SemiBoldItalic/JetBrainsMonoNerdFontMono-SemiBoldItalic.ttf
JetBrainsMonoNerdFontMono-Thin	JetBrainsMono/Ligatures/Thin/JetBrainsMonoNerdFontMono-Thin.ttf
JetBrainsMonoNerdFontMono-ThinItalic	JetBrainsMono/Ligatures/ThinItalic/JetBrainsMonoNerdFontMono-ThinItalic.ttf
JetBrainsMonoNerdFontPropo-Bold	JetBrainsMono/Ligatures/Bold/JetBrainsMonoNerdFontPropo-Bold.ttf
JetBrainsMonoNerdFontPropo-BoldItalic	JetBrainsMono/Ligatures/BoldItalic/JetBrainsMonoNerdFontPropo-BoldItalic.ttf
JetBrainsMonoNerdFontPropo-ExtraBold	JetBrainsMono/Ligatures/ExtraBold/JetBrainsMonoNerdFontPropo-ExtraBold.ttf
JetBrainsMonoNerdFontPropo-ExtraBoldItalic	JetBrainsMono/Ligatures/ExtraBoldItalic/JetBrainsMonoNerdFontPropo-ExtraBoldItalic.ttf
JetBrainsMonoNerdFontPropo-ExtraLight	JetBrainsMono/Ligatures/ExtraLight/JetBrainsMonoNerdFontPropo-ExtraLight.ttf
JetBrainsMonoNerdFontPropo-ExtraLightItalic	JetBrainsMono/Ligatures/ExtraLightItalic/JetBrainsMonoNerdFontPropo-ExtraLightItalic.ttf
JetBrainsMonoNerdFontPropo-Italic	JetBrainsMono/Ligatures/Italic/JetBrainsMonoNerdFontPropo-Italic.ttf
JetBrainsMonoNerdFontPropo-Light	JetBrainsMono/Ligatures/Light/JetBrainsMonoNerdFontPropo-Light.ttf
JetBrainsMonoNerdFontPropo-LightItalic	JetBrainsMono/Ligatures/LightItalic/JetBrainsMonoNerdFontPropo-LightItalic.ttf
JetBrainsMonoNerdFontPropo-Medium	JetBrainsMono/Ligatures/Medium/JetBrainsMonoNerdFontPropo-Medium.ttf
JetBrainsMonoNerdFontPropo-MediumItalic	JetBrainsMono/Ligatures/MediumItalic/JetBrainsMonoNerdFontPropo-MediumItalic.ttf
JetBrainsMonoNerdFontPropo-Regular	JetBrainsMono/Ligatures/Regular/JetBrainsMonoNerdFontPropo-Regular.ttf
JetBrainsMonoNerdFontPropo-SemiBold	JetBrainsMono/Ligatures/SemiBold/JetBrainsMonoNerdFontPropo-SemiBold.ttf
JetBrainsMonoNerdFontPropo-SemiBoldItalic	JetBrainsMono/Ligatures/SemiBoldItalic/JetBrainsMonoNerdFontPropo-SemiBoldItalic.ttf
JetBrainsMonoNerdFontPropo-Thin	JetBrainsMono/Ligatures/Thin/JetBrainsMonoNerdFontPropo-Thin.ttf
JetBrainsMonoNerdFontPropo-ThinItalic	JetBrainsMono/Ligatures/ThinItalic/JetBrainsMonoNerdFontPropo-ThinItalic.ttf
LektonNerdFont-Bold	Lekton/Bold/LektonNerdFont-Bold.ttf
LektonNerdFont-Italic	Lekton/Italic/LektonNerdFont-Italic.ttf
LektonNerdFont-Regular	Lekton/Regular/LektonNerdFont-Regular.ttf
LektonNerdFontMono-Bold	Lekton/Bold/LektonNerdFontMono-Bold.ttf
LektonNerdFontMono-Italic	Lekton/Italic/LektonNerdFontMono-Italic.ttf
LektonNerdFontMono-Regular	Lekton/Regular/LektonNerdFontMono-Regular.ttf
LektonNerdFontPropo-Bold	Lekton/Bold/LektonNerdFontPropo-Bold.ttf
LektonNerdFontPropo-Italic	Lekton/Italic/LektonNerdFontPropo-Italic.ttf
LektonNerdFontPropo-Regular	Lekton/Regular/LektonNerdFontPropo-Regular.ttf
LilexNerdFont-Bold	Lilex/LilexNerdFont-Bold.ttf
LilexNerdFont-BoldItalic	Lilex/LilexNerdFont-BoldItalic.ttf
LilexNerdFont-ExtraLight	Lilex/LilexNerdFont-ExtraLight.ttf
LilexNerdFont-ExtraLightItalic	Lilex/LilexNerdFont-ExtraLightItalic.ttf
LilexNerdFont-Italic	Lilex/LilexNerdFont-Italic.ttf
LilexNerdFont-Medium	Lilex/LilexNerdFont-Medium.ttf
LilexNerdFont-MediumItalic	Lilex/LilexNerdFont-MediumItalic.ttf
LilexNerdFont-Regular	Lilex/LilexNerdFont-Regular.ttf
LilexNerdFont-Thin	Lilex/LilexNerdFont-Thin.ttf
LilexNerdFont-ThinItalic	Lilex/LilexNerdFont-ThinItalic.ttf
LilexNerdFontMono-Bold	Lilex/LilexNerdFontMono-Bold.ttf
LilexNerdFontMono-BoldItalic	Lilex/LilexNerdFontMono-BoldItalic.ttf
LilexNerdFontMono-ExtraLight	Lilex/LilexNerdFontMono-ExtraLight.ttf
LilexNerdFontMono-ExtraLightItalic	Lilex/LilexNerdFontMono-ExtraLightItalic.ttf
LilexNerdFontMono-Italic	Lilex/LilexNerdFontMono-Italic.ttf
LilexNerdFontMono-Medium	Lilex/LilexNerdFontMono-Medium.ttf
LilexNerdFontMono-MediumItalic	Lilex/LilexNerdFontMono-MediumItalic.ttf
LilexNerdFontMono-Regular	Lilex/LilexNerdFontMono-Regular.ttf
LilexNerdFontMono-Thin	Lilex/LilexNerdFontMono-Thin.ttf
LilexNerdFontMono-ThinItalic	Lilex/LilexNerdFontMono-ThinItalic.ttf
LilexNerdFontPropo-Bold	Lilex/LilexNerdFontPropo-Bold.ttf
LilexNerdFontPropo-BoldItalic	Lilex/LilexNerdFontPropo-BoldItalic.ttf
LilexNerdFontPropo-ExtraLight	Lilex/LilexNerdFontPropo-ExtraLight.ttf
LilexNerdFontPropo-ExtraLightItalic	Lilex/LilexNerdFontPropo-ExtraLightItalic.ttf
LilexNerdFontPropo-Italic	Lilex/LilexNerdFontPropo-Italic.ttf
LilexNerdFontPropo-Medium	Lilex/LilexNerdFontPropo-Medium.ttf
LilexNerdFontPropo-MediumItalic	Lilex/LilexNerdFontPropo-MediumItalic.ttf
LilexNerdFontPropo-Regular	Lilex/LilexNerdFontPropo-Regular.ttf
LilexNerdFontPropo-Thin	Lilex/LilexNerdFontPropo-Thin.ttf
LilexNerdFontPropo-ThinItalic	Lilex/LilexNerdFontPropo-ThinItalic.ttf
LiterationMonoNerdFont-Bold	LiberationMono/LiterationMonoNerdFont-Bold.ttf
LiterationMonoNerdFont-BoldItalic	LiberationMono/LiterationMonoNerdFont-BoldItalic.ttf
LiterationMonoNerdFont-Italic	LiberationMono/LiterationMonoNerdFont-Italic.ttf
LiterationMonoNerdFont-Regular	LiberationMono/LiterationMonoNerdFont-Regular.ttf
LiterationMonoNerdFontMono-Bold	LiberationMono/LiterationMonoNerdFontMono-Bold.ttf
LiterationMonoNerdFontMono-BoldItalic	LiberationMono/LiterationMonoNerdFontMono-BoldItalic.ttf
LiterationMonoNerdFontMono-Italic	LiberationMono/LiterationMonoNerdFontMono-Italic.ttf
LiterationMonoNerdFontMono-Regular	LiberationMono/LiterationMonoNerdFontMono-Regular.ttf
LiterationMonoNerdFontPropo-Bold	LiberationMono/LiterationMonoNerdFontPropo-Bold.ttf
LiterationMonoNerdFontPropo-BoldItalic	LiberationMono/LiterationMonoNerdFontPropo-BoldItalic.ttf
LiterationMonoNerdFontPropo-Italic	LiberationMono/LiterationMonoNerdFontPropo-Italic.ttf
LiterationMonoNerdFontPropo-Regular	LiberationMono/LiterationMonoNerdFontPropo-Regular.ttf
LiterationSansNerdFont-Bold	LiberationMono/LiterationSansNerdFont-Bold.ttf
LiterationSansNerdFont-BoldItalic	LiberationMono/LiterationSansNerdFont-BoldItalic.ttf
LiterationSansNerdFont-Italic	LiberationMono/LiterationSansNerdFont-Italic.ttf
LiterationSansNerdFont-Regular	LiberationMono/LiterationSansNerdFont-Regular.ttf
LiterationSansNerdFontPropo-Bold	LiberationMono/LiterationSansNerdFontPropo-Bold.ttf
LiterationSansNerdFontPropo-BoldItalic	LiberationMono/LiterationSansNerdFontPropo-BoldItalic.ttf
LiterationSansNerdFontPropo-Italic	LiberationMono/LiterationSansNerdFontPropo-Italic.ttf
LiterationSansNerdFontPropo-Regular	LiberationMono/LiterationSansNerdFontPropo-Regular.ttf
LiterationSerifNerdFont-Bold	LiberationMono/LiterationSerifNerdFont-Bold.ttf
LiterationSerifNerdFont-BoldItalic	LiberationMono/LiterationSerifNerdFont-BoldItalic.ttf
LiterationSerifNerdFont-Italic	LiberationMono/LiterationSerifNerdFont-Italic.ttf
LiterationSerifNerdFont-Regular	LiberationMono/LiterationSerifNerdFont-Regular.ttf
LiterationSerifNerdFontPropo-Bold	LiberationMono/LiterationSerifNerdFontPropo-Bold.ttf
LiterationSerifNerdFontPropo-BoldItalic	LiberationMono/LiterationSerifNerdFontPropo-BoldItalic.ttf
LiterationSerifNerdFontPropo-Italic	LiberationMono/LiterationSerifNerdFontPropo-Italic.ttf
LiterationSerifNerdFontPropo-Regular	LiberationMono/LiterationSerifNerdFontPropo-Regular.ttf
M+1CodeNerdFont-Bold	MPlus/M_Plus_1_code/M+1CodeNerdFont-Bold.ttf
M+1CodeNerdFont-ExtraLight	MPlus/M_Plus_1_code/M+1CodeNerdFont-ExtraLight.ttf
M+1CodeNerdFont-Light	MPlus/M_Plus_1_code/M+1CodeNerdFont-Light.ttf
M+1CodeNerdFont-Medium	MPlus/M_Plus_1_code/M+1CodeNerdFont-Medium.ttf
M+1CodeNerdFont-Regular	MPlus/M_Plus_1_code/M+1CodeNerdFont-Regular.ttf
M+1CodeNerdFont-SemiBold	MPlus/M_Plus_1_code/M+1CodeNerdFont-SemiBold.ttf
M+1CodeNerdFont-Thin	MPlus/M_Plus_1_code/M+1CodeNerdFont-Thin.ttf
M+1CodeNerdFontMono-Bold	MPlus/M_Plus_1_code/M+1CodeNerdFontMono-Bold.ttf
M+1CodeNerdFontMono-ExtraLight	MPlus/M_Plus_1_code/M+1CodeNerdFontMono-ExtraLight.ttf
M+1CodeNerdFontMono-Light	MPlus/M_Plus_1_code/M+1CodeNerdFontMono-Light.ttf
M+1CodeNerdFontMono-Medium	MPlus/M_Plus_1_code/M+1CodeNerdFontMono-Medium.ttf
M+1CodeNerdFontMono-Regular	MPlus/M_Plus_1_code/M+1CodeNerdFontMono-Regular.ttf
M+1CodeNerdFontMono-SemiBold	MPlus/M_Plus_1_code/M+1CodeNerdFontMono-SemiBold.ttf
M+1CodeNerdFontMono-Thin	MPlus/M_Plus_1_code/M+1CodeNerdFontMono-Thin.ttf
M+1CodeNerdFontPropo-Bold	MPlus/M_Plus_1_code/M+1CodeNerdFontPropo-Bold.ttf
M+1CodeNerdFontPropo-ExtraLight	MPlus/M_Plus_1_code/M+1CodeNerdFontPropo-ExtraLight.ttf
M+1CodeNerdFontPropo-Light	MPlus/M_Plus_1_code/M+1CodeNerdFontPropo-Light.ttf
M+1CodeNerdFontPropo-Medium	MPlus/M_Plus_1_code/M+1CodeNerdFontPropo-Medium.ttf
M+1CodeNerdFontPropo-Regular	MPlus/M_Plus_1_code/M+1CodeNerdFontPropo-Regular.ttf
M+1CodeNerdFontPropo-SemiBold	MPlus/M_Plus_1_code/M+1CodeNerdFontPropo-SemiBold.ttf
M+1CodeNerdFontPropo-Thin	MPlus/M_Plus_1_code/M+1CodeNerdFontPropo-Thin.ttf
M+1NerdFont-Black	MPlus/M_Plus_1/M+1NerdFont-Black.ttf
M+1NerdFont-Bold	MPlus/M_Plus_1/M+1NerdFont-Bold.ttf
M+1NerdFont-ExtraBold	MPlus/M_Plus_1/M+1NerdFont-ExtraBold.ttf
M+1NerdFont-ExtraLight	MPlus/M_Plus_1/M+1NerdFont-ExtraLight.ttf
M+1NerdFont-Light	MPlus/M_Plus_1/M+1NerdFont-Light.ttf
M+1NerdFont-Medium	MPlus/M_Plus_1/M+1NerdFont-Medium.ttf
M+1NerdFont-Regular	MPlus/M_Plus_1/M+1NerdFont-Regular.ttf
M+1NerdFont-SemiBold	MPlus/M_Plus_1/M+1NerdFont-SemiBold.ttf
M+1NerdFont-Thin	MPlus/M_Plus_1/M+1NerdFont-Thin.ttf
M+1NerdFontPropo-Black	MPlus/M_Plus_1/M+1NerdFontPropo-Black.ttf
M+1NerdFontPropo-Bold	MPlus/M_Plus_1/M+1NerdFontPropo-Bold.ttf
M+1NerdFontPropo-ExtraBold	MPlus/M_Plus_1/M+1NerdFontPropo-ExtraBold.ttf
M+1NerdFontPropo-ExtraLight	MPlus/M_Plus_1/M+1NerdFontPropo-ExtraLight.ttf
M+1NerdFontPropo-Light	MPlus/M_Plus_1/M+1NerdFontPropo-Light.ttf
M+1NerdFontPropo-Medium	MPlus/M_Plus_1/M+1NerdFontPropo-Medium.ttf
M+1NerdFontPropo-Regular	MPlus/M_Plus_1/M+1NerdFontPropo-Regular.ttf
M+1NerdFontPropo-SemiBold	MPlus/M_Plus_1/M+1NerdFontPropo-SemiBold.ttf
M+1NerdFontPropo-Thin	MPlus/M_Plus_1/M+1NerdFontPropo-Thin.ttf
M+2NerdFont-Black	MPlus/M_Plus_2/M+2NerdFont-Black.ttf
M+2NerdFont-Bold	MPlus/M_Plus_2/M+2NerdFont-Bold.ttf
M+2NerdFont-ExtraBold	MPlus/M_Plus_2/M+2NerdFont-ExtraBold.ttf
M+2NerdFont-ExtraLight	MPlus/M_Plus_2/M+2NerdFont-ExtraLight.ttf
M+2NerdFont-Light	MPlus/M_Plus_2/M+2NerdFont-Light.ttf
M+2NerdFont-Medium	MPlus/M_Plus_2/M+2NerdFont-Medium.ttf
M+2NerdFont-Regular	MPlus/M_Plus_2/M+2NerdFont-Regular.ttf
M+2NerdFont-SemiBold	MPlus/M_Plus_2/M+2NerdFont-SemiBold.ttf
M+2NerdFont-Thin	MPlus/M_Plus_2/M+2NerdFont-Thin.ttf
M+2NerdFontPropo-Black	MPlus/M_Plus_2/M+2NerdFontPropo-Black.ttf
M+2NerdFontPropo-Bold	MPlus/M_Plus_2/M+2NerdFontPropo-Bold.ttf
M+2NerdFontPropo-ExtraBold	MPlus/M_Plus_2/M+2NerdFontPropo-ExtraBold.ttf
M+2NerdFontPropo-ExtraLight	MPlus/M_Plus_2/M+2NerdFontPropo-ExtraLight.ttf
M+2NerdFontPropo-Light	MPlus/M_Plus_2/M+2NerdFontPropo-Light.ttf
M+2NerdFontPropo-Medium	MPlus/M_Plus_2/M+2NerdFontPropo-Medium.ttf
M+2NerdFontPropo-Regular	MPlus/M_Plus_2/M+2NerdFontPropo-Regular.ttf
M+2NerdFontPropo-SemiBold	MPlus/M_Plus_2/M+2NerdFontPropo-SemiBold.ttf
M+2NerdFontPropo-Thin	MPlus/M_Plus_2/M+2NerdFontPropo-Thin.ttf
M+CodeLat50NerdFont-Bold	MPlus/M_Plus_code_latin50/M+CodeLat50NerdFont-Bold.ttf
M+CodeLat50NerdFont-ExtraLight	MPlus/M_Plus_code_latin50/M+CodeLat50NerdFont-ExtraLight.ttf
M+CodeLat50NerdFont-Light	MPlus/M_Plus_code_latin50/M+CodeLat50NerdFont-Light.ttf
M+CodeLat50NerdFont-Medium	MPlus/M_Plus_code_latin50/M+CodeLat50NerdFont-Medium.ttf
M+CodeLat50NerdFont-Regular	MPlus/M_Plus_code_latin50/M+CodeLat50NerdFont-Regular.ttf
M+CodeLat50NerdFont-SemiBold	MPlus/M_Plus_code_latin50/M+CodeLat50NerdFont-SemiBold.ttf
M+CodeLat50NerdFont-Thin	MPlus/M_Plus_code_latin50/M+CodeLat50NerdFont-Thin.ttf
M+CodeLat50NerdFontMono-Bold	MPlus/M_Plus_code_latin50/M+CodeLat50NerdFontMono-Bold.ttf
M+CodeLat50NerdFontMono-ExtraLight	MPlus/M_Plus_code_latin50/M+CodeLat50NerdFontMono-ExtraLight.ttf
M+CodeLat50NerdFontMono-Light	MPlus/M_Plus_code_latin50/M+CodeLat50NerdFontMono-Light.ttf
M+CodeLat50NerdFontMono-Medium	MPlus/M_Plus_code_latin50/M+CodeLat50NerdFontMono-Medium.ttf
M+CodeLat50NerdFontMono-Regular	MPlus/M_Plus_code_latin50/M+CodeLat50NerdFontMono-Regular.ttf
M+CodeLat50NerdFontMono-SemiBold	MPlus/M_Plus_code_latin50/M+CodeLat50NerdFontMono-SemiBold.ttf
M+CodeLat50NerdFontMono-Thin	MPlus/M_Plus_code_latin50/M+CodeLat50NerdFontMono-Thin.ttf
M+CodeLat50NerdFontPropo-Bold	MPlus/M_Plus_code_latin50/M+CodeLat50NerdFontPropo-Bold.ttf
M+CodeLat50NerdFontPropo-ExtraLight	MPlus/M_Plus_code_latin50/M+CodeLat50NerdFontPropo-ExtraLight.ttf
M+CodeLat50NerdFontPropo-Light	MPlus/M_Plus_code_latin50/M+CodeLat50NerdFontPropo-Light.ttf
M+CodeLat50NerdFontPropo-Medium	MPlus/M_Plus_code_latin50/M+CodeLat50NerdFontPropo-Medium.ttf
M+CodeLat50NerdFontPropo-Regular	MPlus/M_Plus_code_latin50/M+CodeLat50NerdFontPropo-Regular.ttf
M+CodeLat50NerdFontPropo-SemiBold	MPlus/M_Plus_code_latin50/M+CodeLat50NerdFontPropo-SemiBold.ttf
M+CodeLat50NerdFontPropo-Thin	MPlus/M_Plus_code_latin50/M+CodeLat50NerdFontPropo-Thin.ttf
M+CodeLat60NerdFont-Bold	MPlus/M_Plus_code_latin60/M+CodeLat60NerdFont-Bold.ttf
M+CodeLat60NerdFont-ExtraLight	MPlus/M_Plus_code_latin60/M+CodeLat60NerdFont-ExtraLight.ttf
M+CodeLat60NerdFont-Light	MPlus/M_Plus_code_latin60/M+CodeLat60NerdFont-Light.ttf
M+CodeLat60NerdFont-Medium	MPlus/M_Plus_code_latin60/M+CodeLat60NerdFont-Medium.ttf
M+CodeLat60NerdFont-Regular	MPlus/M_Plus_code_latin60/M+CodeLat60NerdFont-Regular.ttf
M+CodeLat60NerdFont-SemiBold	MPlus/M_Plus_code_latin60/M+CodeLat60NerdFont-SemiBold.ttf
M+CodeLat60NerdFont-Thin	MPlus/M_Plus_code_latin60/M+CodeLat60NerdFont-Thin.ttf
M+CodeLat60NerdFontMono-Bold	MPlus/M_Plus_code_latin60/M+CodeLat60NerdFontMono-Bold.ttf
M+CodeLat60NerdFontMono-ExtraLight	MPlus/M_Plus_code_latin60/M+CodeLat60NerdFontMono-ExtraLight.ttf
M+CodeLat60NerdFontMono-Light	MPlus/M_Plus_code_latin60/M+CodeLat60NerdFontMono-Light.ttf
M+CodeLat60NerdFontMono-Medium	MPlus/M_Plus_code_latin60/M+CodeLat60NerdFontMono-Medium.ttf
M+CodeLat60NerdFontMono-Regular	MPlus/M_Plus_code_latin60/M+CodeLat60NerdFontMono-Regular.ttf
M+CodeLat60NerdFontMono-SemiBold	MPlus/M_Plus_code_latin60/M+CodeLat60NerdFontMono-SemiBold.ttf
M+CodeLat60NerdFontMono-Thin	MPlus/M_Plus_code_latin60/M+CodeLat60NerdFontMono-Thin.ttf
M+CodeLat60NerdFontPropo-Bold	MPlus/M_Plus_code_latin60/M+CodeLat60NerdFontPropo-Bold.ttf
M+CodeLat60NerdFontPropo-ExtraLight	MPlus/M_Plus_code_latin60/M+CodeLat60NerdFontPropo-ExtraLight.ttf
M+CodeLat60NerdFontPropo-Light	MPlus/M_Plus_code_latin60/M+CodeLat60NerdFontPropo-Light.ttf
M+CodeLat60NerdFontPropo-Medium	MPlus/M_Plus_code_latin60/M+CodeLat60NerdFontPropo-Medium.ttf
M+CodeLat60NerdFontPropo-Regular	MPlus/M_Plus_code_latin60/M+CodeLat60NerdFontPropo-Regular.ttf
M+CodeLat60NerdFontPropo-SemiBold	MPlus/M_Plus_code_latin60/M+CodeLat60NerdFontPropo-SemiBold.ttf
M+CodeLat60NerdFontPropo-Thin	MPlus/M_Plus_code_latin60/M+CodeLat60NerdFontPropo-Thin.ttf
MesloLGLDZNerdFont-Bold	Meslo/L-DZ/Bold/MesloLGLDZNerdFont-Bold.ttf
MesloLGLDZNerdFont-BoldItalic	Meslo/L-DZ/Bold-Italic/MesloLGLDZNerdFont-BoldItalic.ttf
MesloLGLDZNerdFont-Italic	Meslo/L-DZ/Italic/MesloLGLDZNerdFont-Italic.ttf
MesloLGLDZNerdFont-Regular	Meslo/L-DZ/Regular/MesloLGLDZNerdFont-Regular.ttf
MesloLGLDZNerdFontMono-Bold	Meslo/L-DZ/Bold/MesloLGLDZNerdFontMono-Bold.ttf
MesloLGLDZNerdFontMono-BoldItalic	Meslo/L-DZ/Bold-Italic/MesloLGLDZNerdFontMono-BoldItalic.ttf
MesloLGLDZNerdFontMono-Italic	Meslo/L-DZ/Italic/MesloLGLDZNerdFontMono-Italic.ttf
MesloLGLDZNerdFontMono-Regular	Meslo/L-DZ/Regular/MesloLGLDZNerdFontMono-Regular.ttf
MesloLGLDZNerdFontPropo-Bold	Meslo/L-DZ/Bold/MesloLGLDZNerdFontPropo-Bold.ttf
MesloLGLDZNerdFontPropo-BoldItalic	Meslo/L-DZ/Bold-Italic/MesloLGLDZNerdFontPropo-BoldItalic.ttf
MesloLGLDZNerdFontPropo-Italic	Meslo/L-DZ/Italic/MesloLGLDZNerdFontPropo-Italic.ttf
MesloLGLDZNerdFontPropo-Regular	Meslo/L-DZ/Regular/MesloLGLDZNerdFontPropo-Regular.ttf
MesloLGLNerdFont-Bold	Meslo/L/Bold/MesloLGLNerdFont-Bold.ttf
MesloLGLNerdFont-BoldItalic	Meslo/L/Bold-Italic/MesloLGLNerdFont-BoldItalic.ttf
MesloLGLNerdFont-Italic	Meslo/L/Italic/MesloLGLNerdFont-Italic.ttf
MesloLGLNerdFont-Regular	Meslo/L/Regular/MesloLGLNerdFont-Regular.ttf
MesloLGLNerdFontMono-Bold	Meslo/L/Bold/MesloLGLNerdFontMono-Bold.ttf
MesloLGLNerdFontMono-BoldItalic	Meslo/L/Bold-Italic/MesloLGLNerdFontMono-BoldItalic.ttf
MesloLGLNerdFontMono-Italic	Meslo/L/Italic/MesloLGLNerdFontMono-Italic.ttf
MesloLGLNerdFontMono-Regular	Meslo/L/Regular/MesloLGLNerdFontMono-Regular.ttf
MesloLGLNerdFontPropo-Bold	Meslo/L/Bold/MesloLGLNerdFontPropo-Bold.ttf
MesloLGLNerdFontPropo-BoldItalic	Meslo/L/Bold-Italic/MesloLGLNerdFontPropo-BoldItalic.ttf
MesloLGLNerdFontPropo-Italic	Meslo/L/Italic/MesloLGLNerdFontPropo-Italic.ttf
MesloLGLNerdFontPropo-Regular	Meslo/L/Regular/MesloLGLNerdFontPropo-Regular.ttf
MesloLGMDZNerdFont-Bold	Meslo/M-DZ/Bold/MesloLGMDZNerdFont-Bold.ttf
MesloLGMDZNerdFont-BoldItalic	Meslo/M-DZ/Bold-Italic/MesloLGMDZNerdFont-BoldItalic.ttf
MesloLGMDZNerdFont-Italic	Meslo/M-DZ/Italic/MesloLGMDZNerdFont-Italic.ttf
MesloLGMDZNerdFont-Regular	Meslo/M-DZ/Regular/MesloLGMDZNerdFont-Regular.ttf
MesloLGMDZNerdFontMono-Bold	Meslo/M-DZ/Bold/MesloLGMDZNerdFontMono-Bold.ttf
MesloLGMDZNerdFontMono-BoldItalic	Meslo/M-DZ/Bold-Italic/MesloLGMDZNerdFontMono-BoldItalic.ttf
MesloLGMDZNerdFontMono-Italic	Meslo/M-DZ/Italic/MesloLGMDZNerdFontMono-Italic.ttf
MesloLGMDZNerdFontMono-Regular	Meslo/M-DZ/Regular/MesloLGMDZNerdFontMono-Regular.ttf
MesloLGMDZNerdFontPropo-Bold	Meslo/M-DZ/Bold/MesloLGMDZNerdFontPropo-Bold.ttf
MesloLGMDZNerdFontPropo-BoldItalic	Meslo/M-DZ/Bold-Italic/MesloLGMDZNerdFontPropo-BoldItalic.ttf
MesloLGMDZNerdFontPropo-Italic	Meslo/M-DZ/Italic/MesloLGMDZNerdFontPropo-Italic.ttf
MesloLGMDZNerdFontPropo-Regular	Meslo/M-DZ/Regular/MesloLGMDZNerdFontPropo-Regular.ttf
MesloLGMNerdFont-Bold	Meslo/M/Bold/MesloLGMNerdFont-Bold.ttf
MesloLGMNerdFont-BoldItalic	Meslo/M/Bold-Italic/MesloLGMNerdFont-BoldItalic.ttf
MesloLGMNerdFont-Italic	Meslo/M/Italic/MesloLGMNerdFont-Italic.ttf
MesloLGMNerdFont-Regular	Meslo/M/Regular/MesloLGMNerdFont-Regular.ttf
MesloLGMNerdFontMono-Bold	Meslo/M/Bold/MesloLGMNerdFontMono-Bold.ttf
MesloLGMNerdFontMono-BoldItalic	Meslo/M/Bold-Italic/MesloLGMNerdFontMono-BoldItalic.ttf
MesloLGMNerdFontMono-Italic	Meslo/M/Italic/MesloLGMNerdFontMono-Italic.ttf
MesloLGMNerdFontMono-Regular	Meslo/M/Regular/MesloLGMNerdFontMono-Regular.ttf
MesloLGMNerdFontPropo-Bold	Meslo/M/Bold/MesloLGMNerdFontPropo-Bold.ttf
MesloLGMNerdFontPropo-BoldItalic	Meslo/M/Bold-Italic/MesloLGMNerdFontPropo-BoldItalic.ttf
MesloLGMNerdFontPropo-Italic	Meslo/M/Italic/MesloLGMNerdFontPropo-Italic.ttf
MesloLGMNerdFontPropo-Regular	Meslo/M/Regular/MesloLGMNerdFontPropo-Regular.ttf
MesloLGSDZNerdFont-Bold	Meslo/S-DZ/Bold/MesloLGSDZNerdFont-Bold.ttf
MesloLGSDZNerdFont-BoldItalic	Meslo/S-DZ/Bold-Italic/MesloLGSDZNerdFont-BoldItalic.ttf
MesloLGSDZNerdFont-Italic	Meslo/S-DZ/Italic/MesloLGSDZNerdFont-Italic.ttf
MesloLGSDZNerdFont-Regular	Meslo/S-DZ/Regular/MesloLGSDZNerdFont-Regular.ttf
MesloLGSDZNerdFontMono-Bold	Meslo/S-DZ/Bold/MesloLGSDZNerdFontMono-Bold.ttf
MesloLGSDZNerdFontMono-BoldItalic	Meslo/S-DZ/Bold-Italic/MesloLGSDZNerdFontMono-BoldItalic.ttf
MesloLGSDZNerdFontMono-Italic	Meslo/S-DZ/Italic/MesloLGSDZNerdFontMono-Italic.ttf
MesloLGSDZNerdFontMono-Regular	Meslo/S-DZ/Regular/MesloLGSDZNerdFontMono-Regular.ttf
MesloLGSDZNerdFontPropo-Bold	Meslo/S-DZ/Bold/MesloLGSDZNerdFontPropo-Bold.ttf
MesloLGSDZNerdFontPropo-BoldItalic	Meslo/S-DZ/Bold-Italic/MesloLGSDZNerdFontPropo-BoldItalic.ttf
MesloLGSDZNerdFontPropo-Italic	Meslo/S-DZ/Italic/MesloLGSDZNerdFontPropo-Italic.ttf
MesloLGSDZNerdFontPropo-Regular	Meslo/S-DZ/Regular/MesloLGSDZNerdFontPropo-Regular.ttf
MesloLGSNerdFont-Bold	Meslo/S/Bold/MesloLGSNerdFont-Bold.ttf
MesloLGSNerdFont-BoldItalic	Meslo/S/Bold-Italic/MesloLGSNerdFont-BoldItalic.ttf
MesloLGSNerdFont-Italic	Meslo/S/Italic/MesloLGSNerdFont-Italic.ttf
MesloLGSNerdFont-Regular	Meslo/S/Regular/MesloLGSNerdFont-Regular.ttf
MesloLGSNerdFontMono-Bold	Meslo/S/Bold/MesloLGSNerdFontMono-Bold.ttf
MesloLGSNerdFontMono-BoldItalic	Meslo/S/Bold-Italic/MesloLGSNerdFontMono-BoldItalic.ttf
MesloLGSNerdFontMono-Italic	Meslo/S/Italic/MesloLGSNerdFontMono-Italic.ttf
MesloLGSNerdFontMono-Regular	Meslo/S/Regular/MesloLGSNerdFontMono-Regular.ttf
MesloLGSNerdFontPropo-Bold	Meslo/S/Bold/MesloLGSNerdFontPropo-Bold.ttf
MesloLGSNerdFontPropo-BoldItalic	Meslo/S/Bold-Italic/MesloLGSNerdFontPropo-BoldItalic.ttf
MesloLGSNerdFontPropo-Italic	Meslo/S/Italic/MesloLGSNerdFontPropo-Italic.ttf
MesloLGSNerdFontPropo-Regular	Meslo/S/Regular/MesloLGSNerdFontPropo-Regular.ttf
MonofurNerdFont-Bold	Monofur/Bold/MonofurNerdFont-Bold.ttf
MonofurNerdFont-Italic	Monofur/Italic/MonofurNerdFont-Italic.ttf
MonofurNerdFont-Regular	Monofur/Regular/MonofurNerdFont-Regular.ttf
MonofurNerdFontMono-Bold	Monofur/Bold/MonofurNerdFontMono-Bold.ttf
MonofurNerdFontMono-Italic	Monofur/Italic/MonofurNerdFontMono-Italic.ttf
MonofurNerdFontMono-Regular	Monofur/Regular/MonofurNerdFontMono-Regular.ttf
MonofurNerdFontPropo-Bold	Monofur/Bold/MonofurNerdFontPropo-Bold.ttf
MonofurNerdFontPropo-Italic	Monofur/Italic/MonofurNerdFontPropo-Italic.ttf
MonofurNerdFontPropo-Regular	Monofur/Regular/MonofurNerdFontPropo-Regular.ttf
MonoidNerdFont-Bold	Monoid/Bold/MonoidNerdFont-Bold.ttf
MonoidNerdFont-Italic	Monoid/Italic/MonoidNerdFont-Italic.ttf
MonoidNerdFont-Regular	Monoid/Regular/MonoidNerdFont-Regular.ttf
MonoidNerdFont-Retina	Monoid/Retina/MonoidNerdFont-Retina.ttf
MonoidNerdFontMono-Bold	Monoid/Bold/MonoidNerdFontMono-Bold.ttf
MonoidNerdFontMono-Italic	Monoid/Italic/MonoidNerdFontMono-Italic.ttf
MonoidNerdFontMono-Regular	Monoid/Regular/MonoidNerdFontMono-Regular.ttf
MonoidNerdFontMono-Retina	Monoid/Retina/MonoidNerdFontMono-Retina.ttf
MonoidNerdFontPropo-Bold	Monoid/Bold/MonoidNerdFontPropo-Bold.ttf
MonoidNerdFontPropo-Italic	Monoid/Italic/MonoidNerdFontPropo-Italic.ttf
MonoidNerdFontPropo-Regular	Monoid/Regular/MonoidNerdFontPropo-Regular.ttf
MonoidNerdFontPropo-Retina	Monoid/Retina/MonoidNerdFontPropo-Retina.ttf
MononokiNerdFont-Bold	Mononoki/Bold/MononokiNerdFont-Bold.ttf
MononokiNerdFont-BoldItalic	Mononoki/Bold-Italic/MononokiNerdFont-BoldItalic.ttf
MononokiNerdFont-Italic	Mononoki/Italic/MononokiNerdFont-Italic.ttf
MononokiNerdFont-Regular	Mononoki/Regular/MononokiNerdFont-Regular.ttf
MononokiNerdFontMono-Bold	Mononoki/Bold/MononokiNerdFontMono-Bold.ttf
MononokiNerdFontMono-BoldItalic	Mononoki/Bold-Italic/MononokiNerdFontMono-BoldItalic.ttf
MononokiNerdFontMono-Italic	Mononoki/Italic/MononokiNerdFontMono-Italic.ttf
MononokiNerdFontMono-Regular	Mononoki/Regular/MononokiNerdFontMono-Regular.ttf
MononokiNerdFontPropo-Bold	Mononoki/Bold/MononokiNerdFontPropo-Bold.ttf
MononokiNerdFontPropo-BoldItalic	Mononoki/Bold-Italic/MononokiNerdFontPropo-BoldItalic.ttf
MononokiNerdFontPropo-Italic	Mononoki/Italic/MononokiNerdFontPropo-Italic.ttf
MononokiNerdFontPropo-Regular	Mononoki/Regular/MononokiNerdFontPropo-Regular.ttf
NotoMonoNerdFont-Regular	Noto/Mono/NotoMonoNerdFont-Regular.ttf
NotoMonoNerdFontMono-Regular	Noto/Mono/NotoMonoNerdFontMono-Regular.ttf
NotoMonoNerdFontPropo-Regular	Noto/Mono/NotoMonoNerdFontPropo-Regular.ttf
NotoSansMNerdFont-Black	Noto/Sans-Mono/NotoSansMNerdFont-Black.ttf
NotoSansMNerdFont-Bold	Noto/Sans-Mono/NotoSansMNerdFont-Bold.ttf
NotoSansMNerdFont-CondensedBlack	Noto/Sans-Mono/NotoSansMNerdFont-CondensedBlack.ttf
NotoSansMNerdFont-CondensedBold	Noto/Sans-Mono/NotoSansMNerdFont-CondensedBold.ttf
NotoSansMNerdFont-CondensedExtraBold	Noto/Sans-Mono/NotoSansMNerdFont-CondensedExtraBold.ttf
NotoSansMNerdFont-CondensedExtraLight	Noto/Sans-Mono/NotoSansMNerdFont-CondensedExtraLight.ttf
NotoSansMNerdFont-CondensedLight	Noto/Sans-Mono/NotoSansMNerdFont-CondensedLight.ttf
NotoSansMNerdFont-CondensedMedium	Noto/Sans-Mono/NotoSansMNerdFont-CondensedMedium.ttf
NotoSansMNerdFont-CondensedRegular	Noto/Sans-Mono/NotoSansMNerdFont-CondensedRegular.ttf
NotoSansMNerdFont-CondensedSemiBold	Noto/Sans-Mono/NotoSansMNerdFont-CondensedSemiBold.ttf
NotoSansMNerdFont-CondensedThin	Noto/Sans-Mono/NotoSansMNerdFont-CondensedThin.ttf
NotoSansMNerdFont-ExtraBold	Noto/Sans-Mono/NotoSansMNerdFont-ExtraBold.ttf
NotoSansMNerdFont-ExtraCondensedBlack	Noto/Sans-Mono/NotoSansMNerdFont-ExtraCondensedBlack.ttf
NotoSansMNerdFont-ExtraCondensedBold	Noto/Sans-Mono/NotoSansMNerdFont-ExtraCondensedBold.ttf
NotoSansMNerdFont-ExtraCondensedExtraBold	Noto/Sans-Mono/NotoSansMNerdFont-ExtraCondensedExtraBold.ttf
NotoSansMNerdFont-ExtraCondensedExtraLight	Noto/Sans-Mono/NotoSansMNerdFont-ExtraCondensedExtraLight.ttf
NotoSansMNerdFont-ExtraCondensedLight	Noto/Sans-Mono/NotoSansMNerdFont-ExtraCondensedLight.ttf
NotoSansMNerdFont-ExtraCondensedMedium	Noto/Sans-Mono/NotoSansMNerdFont-ExtraCondensedMedium.ttf
NotoSansMNerdFont-ExtraCondensedRegular	Noto/Sans-Mono/NotoSansMNerdFont-ExtraCondensedRegular.ttf
NotoSansMNerdFont-ExtraCondensedSemiBold	Noto/Sans-Mono/NotoSansMNerdFont-ExtraCondensedSemiBold.ttf
NotoSansMNerdFont-ExtraCondensedThin	Noto/Sans-Mono/NotoSansMNerdFont-ExtraCondensedThin.ttf
NotoSansMNerdFont-ExtraLight	Noto/Sans-Mono/NotoSansMNerdFont-ExtraLight.ttf
NotoSansMNerdFont-Light	Noto/Sans-Mono/NotoSansMNerdFont-Light.ttf
NotoSansMNerdFont-Medium	Noto/Sans-Mono/NotoSansMNerdFont-Medium.ttf
NotoSansMNerdFont-Regular	Noto/Sans-Mono/NotoSansMNerdFont-Regular.ttf
NotoSansMNerdFont-SemiBold	Noto/Sans-Mono/NotoSansMNerdFont-SemiBold.ttf
NotoSansMNerdFont-SemiCondensedBlack	Noto/Sans-Mono/NotoSansMNerdFont-SemiCondensedBlack.ttf
NotoSansMNerdFont-SemiCondensedBold	Noto/Sans-Mono/NotoSansMNerdFont-SemiCondensedBold.ttf
NotoSansMNerdFont-SemiCondensedExtraBold	Noto/Sans-Mono/NotoSansMNerdFont-SemiCondensedExtraBold.ttf
NotoSansMNerdFont-SemiCondensedExtraLight	Noto/Sans-Mono/NotoSansMNerdFont-SemiCondensedExtraLight.ttf
NotoSansMNerdFont-SemiCondensedLight	Noto/Sans-Mono/NotoSansMNerdFont-SemiCondensedLight.ttf
NotoSansMNerdFont-SemiCondensedMedium	Noto/Sans-Mono/NotoSansMNerdFont-SemiCondensedMedium.ttf
NotoSansMNerdFont-SemiCondensedRegular	Noto/Sans-Mono/NotoSansMNerdFont-SemiCondensedRegular.ttf
NotoSansMNerdFont-SemiCondensedSemiBold	Noto/Sans-Mono/NotoSansMNerdFont-SemiCondensedSemiBold.ttf
NotoSansMNerdFont-SemiCondensedThin	Noto/Sans-Mono/NotoSansMNerdFont-SemiCondensedThin.ttf
NotoSansMNerdFont-Thin	Noto/Sans-Mono/NotoSansMNerdFont-Thin.ttf
NotoSansMNerdFontMono-Black	Noto/Sans-Mono/NotoSansMNerdFontMono-Black.ttf
NotoSansMNerdFontMono-Bold	Noto/Sans-Mono/NotoSansMNerdFontMono-Bold.ttf
NotoSansMNerdFontMono-CondensedBlack	Noto/Sans-Mono/NotoSansMNerdFontMono-CondensedBlack.ttf
NotoSansMNerdFontMono-CondensedBold	Noto/Sans-Mono/NotoSansMNerdFontMono-CondensedBold.ttf
NotoSansMNerdFontMono-CondensedExtraBold	Noto/Sans-Mono/NotoSansMNerdFontMono-CondensedExtraBold.ttf
NotoSansMNerdFontMono-CondensedExtraLight	Noto/Sans-Mono/NotoSansMNerdFontMono-CondensedExtraLight.ttf
NotoSansMNerdFontMono-CondensedLight	Noto/Sans-Mono/NotoSansMNerdFontMono-CondensedLight.ttf
NotoSansMNerdFontMono-CondensedMedium	Noto/Sans-Mono/NotoSansMNerdFontMono-CondensedMedium.ttf
NotoSansMNerdFontMono-CondensedRegular	Noto/Sans-Mono/NotoSansMNerdFontMono-CondensedRegular.ttf
NotoSansMNerdFontMono-CondensedSemiBold	Noto/Sans-Mono/NotoSansMNerdFontMono-CondensedSemiBold.ttf
NotoSansMNerdFontMono-CondensedThin	Noto/Sans-Mono/NotoSansMNerdFontMono-CondensedThin.ttf
NotoSansMNerdFontMono-ExtraBold	Noto/Sans-Mono/NotoSansMNerdFontMono-ExtraBold.ttf
NotoSansMNerdFontMono-ExtraCondensedBlack	Noto/Sans-Mono/NotoSansMNerdFontMono-ExtraCondensedBlack.ttf
NotoSansMNerdFontMono-ExtraCondensedBold	Noto/Sans-Mono/NotoSansMNerdFontMono-ExtraCondensedBold.ttf
NotoSansMNerdFontMono-ExtraCondensedExtraBold	Noto/Sans-Mono/NotoSansMNerdFontMono-ExtraCondensedExtraBold.ttf
NotoSansMNerdFontMono-ExtraCondensedExtraLight	Noto/Sans-Mono/NotoSansMNerdFontMono-ExtraCondensedExtraLight.ttf
NotoSansMNerdFontMono-ExtraCondensedLight	Noto/Sans-Mono/NotoSansMNerdFontMono-ExtraCondensedLight.ttf
NotoSansMNerdFontMono-ExtraCondensedMedium	Noto/Sans-Mono/NotoSansMNerdFontMono-ExtraCondensedMedium.ttf
NotoSansMNerdFontMono-ExtraCondensedRegular	Noto/Sans-Mono/NotoSansMNerdFontMono-ExtraCondensedRegular.ttf
NotoSansMNerdFontMono-ExtraCondensedSemiBold	Noto/Sans-Mono/NotoSansMNerdFontMono-ExtraCondensedSemiBold.ttf
NotoSansMNerdFontMono-ExtraCondensedThin	Noto/Sans-Mono/NotoSansMNerdFontMono-ExtraCondensedThin.ttf
NotoSansMNerdFontMono-ExtraLight	Noto/Sans-Mono/NotoSansMNerdFontMono-ExtraLight.ttf
NotoSansMNerdFontMono-Light	Noto/Sans-Mono/NotoSansMNerdFontMono-Light.ttf
NotoSansMNerdFontMono-Medium	Noto/Sans-Mono/NotoSansMNerdFontMono-Medium.ttf
NotoSansMNerdFontMono-Regular	Noto/Sans-Mono/NotoSansMNerdFontMono-Regular.ttf
NotoSansMNerdFontMono-SemiBold	Noto/Sans-Mono/NotoSansMNerdFontMono-SemiBold.ttf
NotoSansMNerdFontMono-SemiCondensedBlack	Noto/Sans-Mono/NotoSansMNerdFontMono-SemiCondensedBlack.ttf
NotoSansMNerdFontMono-SemiCondensedBold	Noto/Sans-Mono/NotoSansMNerdFontMono-SemiCondensedBold.ttf
NotoSansMNerdFontMono-SemiCondensedExtraBold	Noto/Sans-Mono/NotoSansMNerdFontMono-SemiCondensedExtraBold.ttf
NotoSansMNerdFontMono-SemiCondensedExtraLight	Noto/Sans-Mono/NotoSansMNerdFontMono-SemiCondensedExtraLight.ttf
NotoSansMNerdFontMono-SemiCondensedLight	Noto/Sans-Mono/NotoSansMNerdFontMono-SemiCondensedLight.ttf
NotoSansMNerdFontMono-SemiCondensedMedium	Noto/Sans-Mono/NotoSansMNerdFontMono-SemiCondensedMedium.ttf
NotoSansMNerdFontMono-SemiCondensedRegular	Noto/Sans-Mono/NotoSansMNerdFontMono-SemiCondensedRegular.ttf
NotoSansMNerdFontMono-SemiCondensedSemiBold	Noto/Sans-Mono/NotoSansMNerdFontMono-SemiCondensedSemiBold.ttf
NotoSansMNerdFontMono-SemiCondensedThin	Noto/Sans-Mono/NotoSansMNerdFontMono-SemiCondensedThin.ttf
NotoSansMNerdFontMono-Thin	Noto/Sans-Mono/NotoSansMNerdFontMono-Thin.ttf
NotoSansMNerdFontPropo-Black	Noto/Sans-Mono/NotoSansMNerdFontPropo-Black.ttf
NotoSansMNerdFontPropo-Bold	Noto/Sans-Mono/NotoSansMNerdFontPropo-Bold.ttf
NotoSansMNerdFontPropo-CondensedBlack	Noto/Sans-Mono/NotoSansMNerdFontPropo-CondensedBlack.ttf
NotoSansMNerdFontPropo-CondensedBold	Noto/Sans-Mono/NotoSansMNerdFontPropo-CondensedBold.ttf
NotoSansMNerdFontPropo-CondensedExtraBold	Noto/Sans-Mono/NotoSansMNerdFontPropo-CondensedExtraBold.ttf
NotoSansMNerdFontPropo-CondensedExtraLight	Noto/Sans-Mono/NotoSansMNerdFontPropo-CondensedExtraLight.ttf
NotoSansMNerdFontPropo-CondensedLight	Noto/Sans-Mono/NotoSansMNerdFontPropo-CondensedLight.ttf
NotoSansMNerdFontPropo-CondensedMedium	Noto/Sans-Mono/NotoSansMNerdFontPropo-CondensedMedium.ttf
NotoSansMNerdFontPropo-CondensedRegular	Noto/Sans-Mono/NotoSansMNerdFontPropo-CondensedRegular.ttf
NotoSansMNerdFontPropo-CondensedSemiBold	Noto/Sans-Mono/NotoSansMNerdFontPropo-CondensedSemiBold.ttf
NotoSansMNerdFontPropo-CondensedThin	Noto/Sans-Mono/NotoSansMNerdFontPropo-CondensedThin.ttf
NotoSansMNerdFontPropo-ExtraBold	Noto/Sans-Mono/NotoSansMNerdFontPropo-ExtraBold.ttf
NotoSansMNerdFontPropo-ExtraCondensedBlack	Noto/Sans-Mono/NotoSansMNerdFontPropo-ExtraCondensedBlack.ttf
NotoSansMNerdFontPropo-ExtraCondensedBold	Noto/Sans-Mono/NotoSansMNerdFontPropo-ExtraCondensedBold.ttf
NotoSansMNerdFontPropo-ExtraCondensedExtraBold	Noto/Sans-Mono/NotoSansMNerdFontPropo-ExtraCondensedExtraBold.ttf
NotoSansMNerdFontPropo-ExtraCondensedExtraLight	Noto/Sans-Mono/NotoSansMNerdFontPropo-ExtraCondensedExtraLight.ttf
NotoSansMNerdFontPropo-ExtraCondensedLight	Noto/Sans-Mono/NotoSansMNerdFontPropo-ExtraCondensedLight.ttf
NotoSansMNerdFontPropo-ExtraCondensedMedium	Noto/Sans-Mono/NotoSansMNerdFontPropo-ExtraCondensedMedium.ttf
NotoSansMNerdFontPropo-ExtraCondensedRegular	Noto/Sans-Mono/NotoSansMNerdFontPropo-ExtraCondensedRegular.ttf
NotoSansMNerdFontPropo-ExtraCondensedSemiBold	Noto/Sans-Mono/NotoSansMNerdFontPropo-ExtraCondensedSemiBold.ttf
NotoSansMNerdFontPropo-ExtraCondensedThin	Noto/Sans-Mono/NotoSansMNerdFontPropo-ExtraCondensedThin.ttf
NotoSansMNerdFontPropo-ExtraLight	Noto/Sans-Mono/NotoSansMNerdFontPropo-ExtraLight.ttf
NotoSansMNerdFontPropo-Light	Noto/Sans-Mono/NotoSansMNerdFontPropo-Light.ttf
NotoSansMNerdFontPropo-Medium	Noto/Sans-Mono/NotoSansMNerdFontPropo-Medium.ttf
NotoSansMNerdFontPropo-Regular	Noto/Sans-Mono/NotoSansMNerdFontPropo-Regular.ttf
NotoSansMNerdFontPropo-SemiBold	Noto/Sans-Mono/NotoSansMNerdFontPropo-SemiBold.ttf
NotoSansMNerdFontPropo-SemiCondensedBlack	Noto/Sans-Mono/NotoSansMNerdFontPropo-SemiCondensedBlack.ttf
NotoSansMNerdFontPropo-SemiCondensedBold	Noto/Sans-Mono/NotoSansMNerdFontPropo-SemiCondensedBold.ttf
NotoSansMNerdFontPropo-SemiCondensedExtraBold	Noto/Sans-Mono/NotoSansMNerdFontPropo-SemiCondensedExtraBold.ttf
NotoSansMNerdFontPropo-SemiCondensedExtraLight	Noto/Sans-Mono/NotoSansMNerdFontPropo-SemiCondensedExtraLight.ttf
NotoSansMNerdFontPropo-SemiCondensedLight	Noto/Sans-Mono/NotoSansMNerdFontPropo-SemiCondensedLight.ttf
NotoSansMNerdFontPropo-SemiCondensedMedium	Noto/Sans-Mono/NotoSansMNerdFontPropo-SemiCondensedMedium.ttf
NotoSansMNerdFontPropo-SemiCondensedRegular	Noto/Sans-Mono/NotoSansMNerdFontPropo-SemiCondensedRegular.ttf
NotoSansMNerdFontPropo-SemiCondensedSemiBold	Noto/Sans-Mono/NotoSansMNerdFontPropo-SemiCondensedSemiBold.ttf
NotoSansMNerdFontPropo-SemiCondensedThin	Noto/Sans-Mono/NotoSansMNerdFontPropo-SemiCondensedThin.ttf
NotoSansMNerdFontPropo-Thin	Noto/Sans-Mono/NotoSansMNerdFontPropo-Thin.ttf
NotoSansNerdFont-Black	Noto/Sans/NotoSansNerdFont-Black.ttf
NotoSansNerdFont-BlackItalic	Noto/Sans/NotoSansNerdFont-BlackItalic.ttf
NotoSansNerdFont-Bold	Noto/Sans/NotoSansNerdFont-Bold.ttf
NotoSansNerdFont-BoldItalic	Noto/Sans/NotoSansNerdFont-BoldItalic.ttf
NotoSansNerdFont-CondensedBlack	Noto/Sans/NotoSansNerdFont-CondensedBlack.ttf
NotoSansNerdFont-CondensedBlackItalic	Noto/Sans/NotoSansNerdFont-CondensedBlackItalic.ttf
NotoSansNerdFont-CondensedBold	Noto/Sans/NotoSansNerdFont-CondensedBold.ttf
NotoSansNerdFont-CondensedBoldItalic	Noto/Sans/NotoSansNerdFont-CondensedBoldItalic.ttf
NotoSansNerdFont-CondensedExtraBold	Noto/Sans/NotoSansNerdFont-CondensedExtraBold.ttf
NotoSansNerdFont-CondensedExtraBoldItalic	Noto/Sans/NotoSansNerdFont-CondensedExtraBoldItalic.ttf
NotoSansNerdFont-CondensedExtraLight	Noto/Sans/NotoSansNerdFont-CondensedExtraLight.ttf
NotoSansNerdFont-CondensedExtraLightItalic	Noto/Sans/NotoSansNerdFont-CondensedExtraLightItalic.ttf
NotoSansNerdFont-CondensedItalic	Noto/Sans/NotoSansNerdFont-CondensedItalic.ttf
NotoSansNerdFont-CondensedLight	Noto/Sans/NotoSansNerdFont-CondensedLight.ttf
NotoSansNerdFont-CondensedLightItalic	Noto/Sans/NotoSansNerdFont-CondensedLightItalic.ttf
NotoSansNerdFont-CondensedMedium	Noto/Sans/NotoSansNerdFont-CondensedMedium.ttf
NotoSansNerdFont-CondensedMediumItalic	Noto/Sans/NotoSansNerdFont-CondensedMediumItalic.ttf
NotoSansNerdFont-CondensedRegular	Noto/Sans/NotoSansNerdFont-CondensedRegular.ttf
NotoSansNerdFont-CondensedSemiBold	Noto/Sans/NotoSansNerdFont-CondensedSemiBold.ttf
NotoSansNerdFont-CondensedSemiBoldItalic	Noto/Sans/NotoSansNerdFont-CondensedSemiBoldItalic.ttf
NotoSansNerdFont-CondensedThin	Noto/Sans/NotoSansNerdFont-CondensedThin.ttf
NotoSansNerdFont-CondensedThinItalic	Noto/Sans/NotoSansNerdFont-CondensedThinItalic.ttf
NotoSansNerdFont-ExtraBold	Noto/Sans/NotoSansNerdFont-ExtraBold.ttf
NotoSansNerdFont-ExtraBoldItalic	Noto/Sans/NotoSansNerdFont-ExtraBoldItalic.ttf
NotoSansNerdFont-ExtraCondensedBlack	Noto/Sans/NotoSansNerdFont-ExtraCondensedBlack.ttf
NotoSansNerdFont-ExtraCondensedBlackItalic	Noto/Sans/NotoSansNerdFont-ExtraCondensedBlackItalic.ttf
NotoSansNerdFont-ExtraCondensedBold	Noto/Sans/NotoSansNerdFont-ExtraCondensedBold.ttf
NotoSansNerdFont-ExtraCondensedBoldItalic	Noto/Sans/NotoSansNerdFont-ExtraCondensedBoldItalic.ttf
NotoSansNerdFont-ExtraCondensedExtraBold	Noto/Sans/NotoSansNerdFont-ExtraCondensedExtraBold.ttf
NotoSansNerdFont-ExtraCondensedExtraBoldItalic	Noto/Sans/NotoSansNerdFont-ExtraCondensedExtraBoldItalic.ttf
NotoSansNerdFont-ExtraCondensedExtraLight	Noto/Sans/NotoSansNerdFont-ExtraCondensedExtraLight.ttf
NotoSansNerdFont-ExtraCondensedExtraLightItalic	Noto/Sans/NotoSansNerdFont-ExtraCondensedExtraLightItalic.ttf
NotoSansNerdFont-ExtraCondensedItalic	Noto/Sans/NotoSansNerdFont-ExtraCondensedItalic.ttf
NotoSansNerdFont-ExtraCondensedLight	Noto/Sans/NotoSansNerdFont-ExtraCondensedLight.ttf
NotoSansNerdFont-ExtraCondensedLightItalic	Noto/Sans/NotoSansNerdFont-ExtraCondensedLightItalic.ttf
NotoSansNerdFont-ExtraCondensedMedium	Noto/Sans/NotoSansNerdFont-ExtraCondensedMedium.ttf
NotoSansNerdFont-ExtraCondensedMediumItalic	Noto/Sans/NotoSansNerdFont-ExtraCondensedMediumItalic.ttf
NotoSansNerdFont-ExtraCondensedRegular	Noto/Sans/NotoSansNerdFont-ExtraCondensedRegular.ttf
NotoSansNerdFont-ExtraCondensedSemiBold	Noto/Sans/NotoSansNerdFont-ExtraCondensedSemiBold.ttf
NotoSansNerdFont-ExtraCondensedSemiBoldItalic	Noto/Sans/NotoSansNerdFont-ExtraCondensedSemiBoldItalic.ttf
NotoSansNerdFont-ExtraCondensedThin	Noto/Sans/NotoSansNerdFont-ExtraCondensedThin.ttf
NotoSansNerdFont-ExtraCondensedThinItalic	Noto/Sans/NotoSansNerdFont-ExtraCondensedThinItalic.ttf
NotoSansNerdFont-ExtraLight	Noto/Sans/NotoSansNerdFont-ExtraLight.ttf
NotoSansNerdFont-ExtraLightItalic	Noto/Sans/NotoSansNerdFont-ExtraLightItalic.ttf
NotoSansNerdFont-Italic	Noto/Sans/NotoSansNerdFont-Italic.ttf
NotoSansNerdFont-Light	Noto/Sans/NotoSansNerdFont-Light.ttf
NotoSansNerdFont-LightItalic	Noto/Sans/NotoSansNerdFont-LightItalic.ttf
NotoSansNerdFont-Medium	Noto/Sans/NotoSansNerdFont-Medium.ttf
NotoSansNerdFont-MediumItalic	Noto/Sans/NotoSansNerdFont-MediumItalic.ttf
NotoSansNerdFont-Regular	Noto/Sans/NotoSansNerdFont-Regular.ttf
NotoSansNerdFont-SemiBold	Noto/Sans/NotoSansNerdFont-SemiBold.ttf
NotoSansNerdFont-SemiBoldItalic	Noto/Sans/NotoSansNerdFont-SemiBoldItalic.ttf
NotoSansNerdFont-SemiCondensedBlack	Noto/Sans/NotoSansNerdFont-SemiCondensedBlack.ttf
NotoSansNerdFont-SemiCondensedBlackItalic	Noto/Sans/NotoSansNerdFont-SemiCondensedBlackItalic.ttf
NotoSansNerdFont-SemiCondensedBold	Noto/Sans/NotoSansNerdFont-SemiCondensedBold.ttf
NotoSansNerdFont-SemiCondensedBoldItalic	Noto/Sans/NotoSansNerdFont-SemiCondensedBoldItalic.ttf
NotoSansNerdFont-SemiCondensedExtraBold	Noto/Sans/NotoSansNerdFont-SemiCondensedExtraBold.ttf
NotoSansNerdFont-SemiCondensedExtraBoldItalic	Noto/Sans/NotoSansNerdFont-SemiCondensedExtraBoldItalic.ttf
NotoSansNerdFont-SemiCondensedExtraLight	Noto/Sans/NotoSansNerdFont-SemiCondensedExtraLight.ttf
NotoSansNerdFont-SemiCondensedExtraLightItalic	Noto/Sans/NotoSansNerdFont-SemiCondensedExtraLightItalic.ttf
NotoSansNerdFont-SemiCondensedItalic	Noto/Sans/NotoSansNerdFont-SemiCondensedItalic.ttf
NotoSansNerdFont-SemiCondensedLight	Noto/Sans/NotoSansNerdFont-SemiCondensedLight.ttf
NotoSansNerdFont-SemiCondensedLightItalic	Noto/Sans/NotoSansNerdFont-SemiCondensedLightItalic.ttf
NotoSansNerdFont-SemiCondensedMedium	Noto/Sans/NotoSansNerdFont-SemiCondensedMedium.ttf
NotoSansNerdFont-SemiCondensedMediumItalic	Noto/Sans/NotoSansNerdFont-SemiCondensedMediumItalic.ttf
NotoSansNerdFont-SemiCondensedRegular	Noto/Sans/NotoSansNerdFont-SemiCondensedRegular.ttf
NotoSansNerdFont-SemiCondensedSemiBold	Noto/Sans/NotoSansNerdFont-SemiCondensedSemiBold.ttf
NotoSansNerdFont-SemiCondensedSemiBoldItalic	Noto/Sans/NotoSansNerdFont-SemiCondensedSemiBoldItalic.ttf
NotoSansNerdFont-SemiCondensedThin	Noto/Sans/NotoSansNerdFont-SemiCondensedThin.ttf
NotoSansNerdFont-SemiCondensedThinItalic	Noto/Sans/NotoSansNerdFont-SemiCondensedThinItalic.ttf
NotoSansNerdFont-Thin	Noto/Sans/NotoSansNerdFont-Thin.ttf
NotoSansNerdFont-ThinItalic	Noto/Sans/NotoSansNerdFont-ThinItalic.ttf
NotoSansNerdFontPropo-Black	Noto/Sans/NotoSansNerdFontPropo-Black.ttf
NotoSansNerdFontPropo-BlackItalic	Noto/Sans/NotoSansNerdFontPropo-BlackItalic.ttf
NotoSansNerdFontPropo-Bold	Noto/Sans/NotoSansNerdFontPropo-Bold.ttf
NotoSansNerdFontPropo-BoldItalic	Noto/Sans/NotoSansNerdFontPropo-BoldItalic.ttf
NotoSansNerdFontPropo-CondensedBlack	Noto/Sans/NotoSansNerdFontPropo-CondensedBlack.ttf
NotoSansNerdFontPropo-CondensedBlackItalic	Noto/Sans/NotoSansNerdFontPropo-CondensedBlackItalic.ttf
NotoSansNerdFontPropo-CondensedBold	Noto/Sans/NotoSansNerdFontPropo-CondensedBold.ttf
NotoSansNerdFontPropo-CondensedBoldItalic	Noto/Sans/NotoSansNerdFontPropo-CondensedBoldItalic.ttf
NotoSansNerdFontPropo-CondensedExtraBold	Noto/Sans/NotoSansNerdFontPropo-CondensedExtraBold.ttf
NotoSansNerdFontPropo-CondensedExtraBoldItalic	Noto/Sans/NotoSansNerdFontPropo-CondensedExtraBoldItalic.ttf
NotoSansNerdFontPropo-CondensedExtraLight	Noto/Sans/NotoSansNerdFontPropo-CondensedExtraLight.ttf
NotoSansNerdFontPropo-CondensedExtraLightItalic	Noto/Sans/NotoSansNerdFontPropo-CondensedExtraLightItalic.ttf
NotoSansNerdFontPropo-CondensedItalic	Noto/Sans/NotoSansNerdFontPropo-CondensedItalic.ttf
NotoSansNerdFontPropo-CondensedLight	Noto/Sans/NotoSansNerdFontPropo-CondensedLight.ttf
NotoSansNerdFontPropo-CondensedLightItalic	Noto/Sans/NotoSansNerdFontPropo-CondensedLightItalic.ttf
NotoSansNerdFontPropo-CondensedMedium	Noto/Sans/NotoSansNerdFontPropo-CondensedMedium.ttf
NotoSansNerdFontPropo-CondensedMediumItalic	Noto/Sans/NotoSansNerdFontPropo-CondensedMediumItalic.ttf
NotoSansNerdFontPropo-CondensedRegular	Noto/Sans/NotoSansNerdFontPropo-CondensedRegular.ttf
NotoSansNerdFontPropo-CondensedSemiBold	Noto/Sans/NotoSansNerdFontPropo-CondensedSemiBold.ttf
NotoSansNerdFontPropo-CondensedSemiBoldItalic	Noto/Sans/NotoSansNerdFontPropo-CondensedSemiBoldItalic.ttf
NotoSansNerdFontPropo-CondensedThin	Noto/Sans/NotoSansNerdFontPropo-CondensedThin.ttf
NotoSansNerdFontPropo-CondensedThinItalic	Noto/Sans/NotoSansNerdFontPropo-CondensedThinItalic.ttf
NotoSansNerdFontPropo-ExtraBold	Noto/Sans/NotoSansNerdFontPropo-ExtraBold.ttf
NotoSansNerdFontPropo-ExtraBoldItalic	Noto/Sans/NotoSansNerdFontPropo-ExtraBoldItalic.ttf
NotoSansNerdFontPropo-ExtraCondensedBlack	Noto/Sans/NotoSansNerdFontPropo-ExtraCondensedBlack.ttf
NotoSansNerdFontPropo-ExtraCondensedBlackItalic	Noto/Sans/NotoSansNerdFontPropo-ExtraCondensedBlackItalic.ttf
NotoSansNerdFontPropo-ExtraCondensedBold	Noto/Sans/NotoSansNerdFontPropo-ExtraCondensedBold.ttf
NotoSansNerdFontPropo-ExtraCondensedBoldItalic	Noto/Sans/NotoSansNerdFontPropo-ExtraCondensedBoldItalic.ttf
NotoSansNerdFontPropo-ExtraCondensedExtraBold	Noto/Sans/NotoSansNerdFontPropo-ExtraCondensedExtraBold.ttf
NotoSansNerdFontPropo-ExtraCondensedExtraBoldItalic	Noto/Sans/NotoSansNerdFontPropo-ExtraCondensedExtraBoldItalic.ttf
NotoSansNerdFontPropo-ExtraCondensedExtraLight	Noto/Sans/NotoSansNerdFontPropo-ExtraCondensedExtraLight.ttf
NotoSansNerdFontPropo-ExtraCondensedExtraLightItalic	Noto/Sans/NotoSansNerdFontPropo-ExtraCondensedExtraLightItalic.ttf
NotoSansNerdFontPropo-ExtraCondensedItalic	Noto/Sans/NotoSansNerdFontPropo-ExtraCondensedItalic.ttf
NotoSansNerdFontPropo-ExtraCondensedLight	Noto/Sans/NotoSansNerdFontPropo-ExtraCondensedLight.ttf
NotoSansNerdFontPropo-ExtraCondensedLightItalic	Noto/Sans/NotoSansNerdFontPropo-ExtraCondensedLightItalic.ttf
NotoSansNerdFontPropo-ExtraCondensedMedium	Noto/Sans/NotoSansNerdFontPropo-ExtraCondensedMedium.ttf
NotoSansNerdFontPropo-ExtraCondensedMediumItalic	Noto/Sans/NotoSansNerdFontPropo-ExtraCondensedMediumItalic.ttf
NotoSansNerdFontPropo-ExtraCondensedRegular	Noto/Sans/NotoSansNerdFontPropo-ExtraCondensedRegular.ttf
NotoSansNerdFontPropo-ExtraCondensedSemiBold	Noto/Sans/NotoSansNerdFontPropo-ExtraCondensedSemiBold.ttf
NotoSansNerdFontPropo-ExtraCondensedSemiBoldItalic	Noto/Sans/NotoSansNerdFontPropo-ExtraCondensedSemiBoldItalic.ttf
NotoSansNerdFontPropo-ExtraCondensedThin	Noto/Sans/NotoSansNerdFontPropo-ExtraCondensedThin.ttf
NotoSansNerdFontPropo-ExtraCondensedThinItalic	Noto/Sans/NotoSansNerdFontPropo-ExtraCondensedThinItalic.ttf
NotoSansNerdFontPropo-ExtraLight	Noto/Sans/NotoSansNerdFontPropo-ExtraLight.ttf
NotoSansNerdFontPropo-ExtraLightItalic	Noto/Sans/NotoSansNerdFontPropo-ExtraLightItalic.ttf
NotoSansNerdFontPropo-Italic	Noto/Sans/NotoSansNerdFontPropo-Italic.ttf
NotoSansNerdFontPropo-Light	Noto/Sans/NotoSansNerdFontPropo-Light.ttf
NotoSansNerdFontPropo-LightItalic	Noto/Sans/NotoSansNerdFontPropo-LightItalic.ttf
NotoSansNerdFontPropo-Medium	Noto/Sans/NotoSansNerdFontPropo-Medium.ttf
NotoSansNerdFontPropo-MediumItalic	Noto/Sans/NotoSansNerdFontPropo-MediumItalic.ttf
NotoSansNerdFontPropo-Regular	Noto/Sans/NotoSansNerdFontPropo-Regular.ttf
NotoSansNerdFontPropo-SemiBold	Noto/Sans/NotoSansNerdFontPropo-SemiBold.ttf
NotoSansNerdFontPropo-SemiBoldItalic	Noto/Sans/NotoSansNerdFontPropo-SemiBoldItalic.ttf
NotoSansNerdFontPropo-SemiCondensedBlack	Noto/Sans/NotoSansNerdFontPropo-SemiCondensedBlack.ttf
NotoSansNerdFontPropo-SemiCondensedBlackItalic	Noto/Sans/NotoSansNerdFontPropo-SemiCondensedBlackItalic.ttf
NotoSansNerdFontPropo-SemiCondensedBold	Noto/Sans/NotoSansNerdFontPropo-SemiCondensedBold.ttf
NotoSansNerdFontPropo-SemiCondensedBoldItalic	Noto/Sans/NotoSansNerdFontPropo-SemiCondensedBoldItalic.ttf
NotoSansNerdFontPropo-SemiCondensedExtraBold	Noto/Sans/NotoSansNerdFontPropo-SemiCondensedExtraBold.ttf
NotoSansNerdFontPropo-SemiCondensedExtraBoldItalic	Noto/Sans/NotoSansNerdFontPropo-SemiCondensedExtraBoldItalic.ttf
NotoSansNerdFontPropo-SemiCondensedExtraLight	Noto/Sans/NotoSansNerdFontPropo-SemiCondensedExtraLight.ttf
NotoSansNerdFontPropo-SemiCondensedExtraLightItalic	Noto/Sans/NotoSansNerdFontPropo-SemiCondensedExtraLightItalic.ttf
NotoSansNerdFontPropo-SemiCondensedItalic	Noto/Sans/NotoSansNerdFontPropo-SemiCondensedItalic.ttf
NotoSansNerdFontPropo-SemiCondensedLight	Noto/Sans/NotoSansNerdFontPropo-SemiCondensedLight.ttf
NotoSansNerdFontPropo-SemiCondensedLightItalic	Noto/Sans/NotoSansNerdFontPropo-SemiCondensedLightItalic.ttf
NotoSansNerdFontPropo-SemiCondensedMedium	Noto/Sans/NotoSansNerdFontPropo-SemiCondensedMedium.ttf
NotoSansNerdFontPropo-SemiCondensedMediumItalic	Noto/Sans/NotoSansNerdFontPropo-SemiCondensedMediumItalic.ttf
NotoSansNerdFontPropo-SemiCondensedRegular	Noto/Sans/NotoSansNerdFontPropo-SemiCondensedRegular.ttf
NotoSansNerdFontPropo-SemiCondensedSemiBold	Noto/Sans/NotoSansNerdFontPropo-SemiCondensedSemiBold.ttf
NotoSansNerdFontPropo-SemiCondensedSemiBoldItalic	Noto/Sans/NotoSansNerdFontPropo-SemiCondensedSemiBoldItalic.ttf
NotoSansNerdFontPropo-SemiCondensedThin	Noto/Sans/NotoSansNerdFontPropo-SemiCondensedThin.ttf
NotoSansNerdFontPropo-SemiCondensedThinItalic	Noto/Sans/NotoSansNerdFontPropo-SemiCondensedThinItalic.ttf
NotoSansNerdFontPropo-Thin	Noto/Sans/NotoSansNerdFontPropo-Thin.ttf
NotoSansNerdFontPropo-ThinItalic	Noto/Sans/NotoSansNerdFontPropo-ThinItalic.ttf
NotoSerifNerdFont-Black	Noto/Serif/NotoSerifNerdFont-Black.ttf
NotoSerifNerdFont-BlackItalic	Noto/Serif/NotoSerifNerdFont-BlackItalic.ttf
NotoSerifNerdFont-Bold	Noto/Serif/NotoSerifNerdFont-Bold.ttf
NotoSerifNerdFont-BoldItalic	Noto/Serif/NotoSerifNerdFont-BoldItalic.ttf
NotoSerifNerdFont-CondensedBlack	Noto/Serif/NotoSerifNerdFont-CondensedBlack.ttf
NotoSerifNerdFont-CondensedBlackItalic	Noto/Serif/NotoSerifNerdFont-CondensedBlackItalic.ttf
NotoSerifNerdFont-CondensedBold	Noto/Serif/NotoSerifNerdFont-CondensedBold.ttf
NotoSerifNerdFont-CondensedBoldItalic	Noto/Serif/NotoSerifNerdFont-CondensedBoldItalic.ttf
NotoSerifNerdFont-CondensedExtraBold	Noto/Serif/NotoSerifNerdFont-CondensedExtraBold.ttf
NotoSerifNerdFont-CondensedExtraBoldItalic	Noto/Serif/NotoSerifNerdFont-CondensedExtraBoldItalic.ttf
NotoSerifNerdFont-CondensedExtraLight	Noto/Serif/NotoSerifNerdFont-CondensedExtraLight.ttf
NotoSerifNerdFont-CondensedExtraLightItalic	Noto/Serif/NotoSerifNerdFont-CondensedExtraLightItalic.ttf
NotoSerifNerdFont-CondensedItalic	Noto/Serif/NotoSerifNerdFont-CondensedItalic.ttf
NotoSerifNerdFont-CondensedLight	Noto/Serif/NotoSerifNerdFont-CondensedLight.ttf
NotoSerifNerdFont-CondensedLightItalic	Noto/Serif/NotoSerifNerdFont-CondensedLightItalic.ttf
NotoSerifNerdFont-CondensedMedium	Noto/Serif/NotoSerifNerdFont-CondensedMedium.ttf
NotoSerifNerdFont-CondensedMediumItalic	Noto/Serif/NotoSerifNerdFont-CondensedMediumItalic.ttf
NotoSerifNerdFont-CondensedRegular	Noto/Serif/NotoSerifNerdFont-CondensedRegular.ttf
NotoSerifNerdFont-CondensedSemiBold	Noto/Serif/NotoSerifNerdFont-CondensedSemiBold.ttf
NotoSerifNerdFont-CondensedSemiBoldItalic	Noto/Serif/NotoSerifNerdFont-CondensedSemiBoldItalic.ttf
NotoSerifNerdFont-CondensedThin	Noto/Serif/NotoSerifNerdFont-CondensedThin.ttf
NotoSerifNerdFont-CondensedThinItalic	Noto/Serif/NotoSerifNerdFont-CondensedThinItalic.ttf
NotoSerifNerdFont-ExtraBold	Noto/Serif/NotoSerifNerdFont-ExtraBold.ttf
NotoSerifNerdFont-ExtraBoldItalic	Noto/Serif/NotoSerifNerdFont-ExtraBoldItalic.ttf
NotoSerifNerdFont-ExtraCondensedBlack	Noto/Serif/NotoSerifNerdFont-ExtraCondensedBlack.ttf
NotoSerifNerdFont-ExtraCondensedBlackItalic	Noto/Serif/NotoSerifNerdFont-ExtraCondensedBlackItalic.ttf
NotoSerifNerdFont-ExtraCondensedBold	Noto/Serif/NotoSerifNerdFont-ExtraCondensedBold.ttf
NotoSerifNerdFont-ExtraCondensedBoldItalic	Noto/Serif/NotoSerifNerdFont-ExtraCondensedBoldItalic.ttf
NotoSerifNerdFont-ExtraCondensedExtraBold	Noto/Serif/NotoSerifNerdFont-ExtraCondensedExtraBold.ttf
NotoSerifNerdFont-ExtraCondensedExtraBoldItalic	Noto/Serif/NotoSerifNerdFont-ExtraCondensedExtraBoldItalic.ttf
NotoSerifNerdFont-ExtraCondensedExtraLight	Noto/Serif/NotoSerifNerdFont-ExtraCondensedExtraLight.ttf
NotoSerifNerdFont-ExtraCondensedExtraLightItalic	Noto/Serif/NotoSerifNerdFont-ExtraCondensedExtraLightItalic.ttf
NotoSerifNerdFont-ExtraCondensedItalic	Noto/Serif/NotoSerifNerdFont-ExtraCondensedItalic.ttf
NotoSerifNerdFont-ExtraCondensedLight	Noto/Serif/NotoSerifNerdFont-ExtraCondensedLight.ttf
NotoSerifNerdFont-ExtraCondensedLightItalic	Noto/Serif/NotoSerifNerdFont-ExtraCondensedLightItalic.ttf
NotoSerifNerdFont-ExtraCondensedMedium	Noto/Serif/NotoSerifNerdFont-ExtraCondensedMedium.ttf
NotoSerifNerdFont-ExtraCondensedMediumItalic	Noto/Serif/NotoSerifNerdFont-ExtraCondensedMediumItalic.ttf
NotoSerifNerdFont-ExtraCondensedRegular	Noto/Serif/NotoSerifNerdFont-ExtraCondensedRegular.ttf
NotoSerifNerdFont-ExtraCondensedSemiBold	Noto/Serif/NotoSerifNerdFont-ExtraCondensedSemiBold.ttf
NotoSerifNerdFont-ExtraCondensedSemiBoldItalic	Noto/Serif/NotoSerifNerdFont-ExtraCondensedSemiBoldItalic.ttf
NotoSerifNerdFont-ExtraCondensedThin	Noto/Serif/NotoSerifNerdFont-ExtraCondensedThin.ttf
NotoSerifNerdFont-ExtraCondensedThinItalic	Noto/Serif/NotoSerifNerdFont-ExtraCondensedThinItalic.ttf
NotoSerifNerdFont-ExtraLight	Noto/Serif/NotoSerifNerdFont-ExtraLight.ttf
NotoSerifNerdFont-ExtraLightItalic	Noto/Serif/NotoSerifNerdFont-ExtraLightItalic.ttf
NotoSerifNerdFont-Italic	Noto/Serif/NotoSerifNerdFont-Italic.ttf
NotoSerifNerdFont-Light	Noto/Serif/NotoSerifNerdFont-Light.ttf
NotoSerifNerdFont-LightItalic	Noto/Serif/NotoSerifNerdFont-LightItalic.ttf
NotoSerifNerdFont-Medium	Noto/Serif/NotoSerifNerdFont-Medium.ttf
NotoSerifNerdFont-MediumItalic	Noto/Serif/NotoSerifNerdFont-MediumItalic.ttf
NotoSerifNerdFont-Regular	Noto/Serif/NotoSerifNerdFont-Regular.ttf
NotoSerifNerdFont-SemiBold	Noto/Serif/NotoSerifNerdFont-SemiBold.ttf
NotoSerifNerdFont-SemiBoldItalic	Noto/Serif/NotoSerifNerdFont-SemiBoldItalic.ttf
NotoSerifNerdFont-SemiCondensedBlack	Noto/Serif/NotoSerifNerdFont-SemiCondensedBlack.ttf
NotoSerifNerdFont-SemiCondensedBlackItalic	Noto/Serif/NotoSerifNerdFont-SemiCondensedBlackItalic.ttf
NotoSerifNerdFont-SemiCondensedBold	Noto/Serif/NotoSerifNerdFont-SemiCondensedBold.ttf
NotoSerifNerdFont-SemiCondensedBoldItalic	Noto/Serif/NotoSerifNerdFont-SemiCondensedBoldItalic.ttf
NotoSerifNerdFont-SemiCondensedExtraBold	Noto/Serif/NotoSerifNerdFont-SemiCondensedExtraBold.ttf
NotoSerifNerdFont-SemiCondensedExtraBoldItalic	Noto/Serif/NotoSerifNerdFont-SemiCondensedExtraBoldItalic.ttf
NotoSerifNerdFont-SemiCondensedExtraLight	Noto/Serif/NotoSerifNerdFont-SemiCondensedExtraLight.ttf
NotoSerifNerdFont-SemiCondensedExtraLightItalic	Noto/Serif/NotoSerifNerdFont-SemiCondensedExtraLightItalic.ttf
NotoSerifNerdFont-SemiCondensedItalic	Noto/Serif/NotoSerifNerdFont-SemiCondensedItalic.ttf
NotoSerifNerdFont-SemiCondensedLight	Noto/Serif/NotoSerifNerdFont-SemiCondensedLight.ttf
NotoSerifNerdFont-SemiCondensedLightItalic	Noto/Serif/NotoSerifNerdFont-SemiCondensedLightItalic.ttf
NotoSerifNerdFont-SemiCondensedMedium	Noto/Serif/NotoSerifNerdFont-SemiCondensedMedium.ttf
NotoSerifNerdFont-SemiCondensedMediumItalic	Noto/Serif/NotoSerifNerdFont-SemiCondensedMediumItalic.ttf
NotoSerifNerdFont-SemiCondensedRegular	Noto/Serif/NotoSerifNerdFont-SemiCondensedRegular.ttf
NotoSerifNerdFont-SemiCondensedSemiBold	Noto/Serif/NotoSerifNerdFont-SemiCondensedSemiBold.ttf
NotoSerifNerdFont-SemiCondensedSemiBoldItalic	Noto/Serif/NotoSerifNerdFont-SemiCondensedSemiBoldItalic.ttf
NotoSerifNerdFont-SemiCondensedThin	Noto/Serif/NotoSerifNerdFont-SemiCondensedThin.ttf
NotoSerifNerdFont-SemiCondensedThinItalic	Noto/Serif/NotoSerifNerdFont-SemiCondensedThinItalic.ttf
NotoSerifNerdFont-Thin	Noto/Serif/NotoSerifNerdFont-Thin.ttf
NotoSerifNerdFont-ThinItalic	Noto/Serif/NotoSerifNerdFont-ThinItalic.ttf
NotoSerifNerdFontPropo-Black	Noto/Serif/NotoSerifNerdFontPropo-Black.ttf
NotoSerifNerdFontPropo-BlackItalic	Noto/Serif/NotoSerifNerdFontPropo-BlackItalic.ttf
NotoSerifNerdFontPropo-Bold	Noto/Serif/NotoSerifNerdFontPropo-Bold.ttf
NotoSerifNerdFontPropo-BoldItalic	Noto/Serif/NotoSerifNerdFontPropo-BoldItalic.ttf
NotoSerifNerdFontPropo-CondensedBlack	Noto/Serif/NotoSerifNerdFontPropo-CondensedBlack.ttf
NotoSerifNerdFontPropo-CondensedBlackItalic	Noto/Serif/NotoSerifNerdFontPropo-CondensedBlackItalic.ttf
NotoSerifNerdFontPropo-CondensedBold	Noto/Serif/NotoSerifNerdFontPropo-CondensedBold.ttf
NotoSerifNerdFontPropo-CondensedBoldItalic	Noto/Serif/NotoSerifNerdFontPropo-CondensedBoldItalic.ttf
NotoSerifNerdFontPropo-CondensedExtraBold	Noto/Serif/NotoSerifNerdFontPropo-CondensedExtraBold.ttf
NotoSerifNerdFontPropo-CondensedExtraBoldItalic	Noto/Serif/NotoSerifNerdFontPropo-CondensedExtraBoldItalic.ttf
NotoSerifNerdFontPropo-CondensedExtraLight	Noto/Serif/NotoSerifNerdFontPropo-CondensedExtraLight.ttf
NotoSerifNerdFontPropo-CondensedExtraLightItalic	Noto/Serif/NotoSerifNerdFontPropo-CondensedExtraLightItalic.ttf
NotoSerifNerdFontPropo-CondensedItalic	Noto/Serif/NotoSerifNerdFontPropo-CondensedItalic.ttf
NotoSerifNerdFontPropo-CondensedLight	Noto/Serif/NotoSerifNerdFontPropo-CondensedLight.ttf
NotoSerifNerdFontPropo-CondensedLightItalic	Noto/Serif/NotoSerifNerdFontPropo-CondensedLightItalic.ttf
NotoSerifNerdFontPropo-CondensedMedium	Noto/Serif/NotoSerifNerdFontPropo-CondensedMedium.ttf
NotoSerifNerdFontPropo-CondensedMediumItalic	Noto/Serif/NotoSerifNerdFontPropo-CondensedMediumItalic.ttf
NotoSerifNerdFontPropo-CondensedRegular	Noto/Serif/NotoSerifNerdFontPropo-CondensedRegular.ttf
NotoSerifNerdFontPropo-CondensedSemiBold	Noto/Serif/NotoSerifNerdFontPropo-CondensedSemiBold.ttf
NotoSerifNerdFontPropo-CondensedSemiBoldItalic	Noto/Serif/NotoSerifNerdFontPropo-CondensedSemiBoldItalic.ttf
NotoSerifNerdFontPropo-CondensedThin	Noto/Serif/NotoSerifNerdFontPropo-CondensedThin.ttf
NotoSerifNerdFontPropo-CondensedThinItalic	Noto/Serif/NotoSerifNerdFontPropo-CondensedThinItalic.ttf
NotoSerifNerdFontPropo-ExtraBold	Noto/Serif/NotoSerifNerdFontPropo-ExtraBold.ttf
NotoSerifNerdFontPropo-ExtraBoldItalic	Noto/Serif/NotoSerifNerdFontPropo-ExtraBoldItalic.ttf
NotoSerifNerdFontPropo-ExtraCondensedBlack	Noto/Serif/NotoSerifNerdFontPropo-ExtraCondensedBlack.ttf
NotoSerifNerdFontPropo-ExtraCondensedBlackItalic	Noto/Serif/NotoSerifNerdFontPropo-ExtraCondensedBlackItalic.ttf
NotoSerifNerdFontPropo-ExtraCondensedBold	Noto/Serif/NotoSerifNerdFontPropo-ExtraCondensedBold.ttf
NotoSerifNerdFontPropo-ExtraCondensedBoldItalic	Noto/Serif/NotoSerifNerdFontPropo-ExtraCondensedBoldItalic.ttf
NotoSerifNerdFontPropo-ExtraCondensedExtraBold	Noto/Serif/NotoSerifNerdFontPropo-ExtraCondensedExtraBold.ttf
NotoSerifNerdFontPropo-ExtraCondensedExtraBoldItalic	Noto/Serif/NotoSerifNerdFontPropo-ExtraCondensedExtraBoldItalic.ttf
NotoSerifNerdFontPropo-ExtraCondensedExtraLight	Noto/Serif/NotoSerifNerdFontPropo-ExtraCondensedExtraLight.ttf
NotoSerifNerdFontPropo-ExtraCondensedExtraLightItalic	Noto/Serif/NotoSerifNerdFontPropo-ExtraCondensedExtraLightItalic.ttf
NotoSerifNerdFontPropo-ExtraCondensedItalic	Noto/Serif/NotoSerifNerdFontPropo-ExtraCondensedItalic.ttf
NotoSerifNerdFontPropo-ExtraCondensedLight	Noto/Serif/NotoSerifNerdFontPropo-ExtraCondensedLight.ttf
NotoSerifNerdFontPropo-ExtraCondensedLightItalic	Noto/Serif/NotoSerifNerdFontPropo-ExtraCondensedLightItalic.ttf
NotoSerifNerdFontPropo-ExtraCondensedMedium	Noto/Serif/NotoSerifNerdFontPropo-ExtraCondensedMedium.ttf
NotoSerifNerdFontPropo-ExtraCondensedMediumItalic	Noto/Serif/NotoSerifNerdFontPropo-ExtraCondensedMediumItalic.ttf
NotoSerifNerdFontPropo-ExtraCondensedRegular	Noto/Serif/NotoSerifNerdFontPropo-ExtraCondensedRegular.ttf
NotoSerifNerdFontPropo-ExtraCondensedSemiBold	Noto/Serif/NotoSerifNerdFontPropo-ExtraCondensedSemiBold.ttf
NotoSerifNerdFontPropo-ExtraCondensedSemiBoldItalic	Noto/Serif/NotoSerifNerdFontPropo-ExtraCondensedSemiBoldItalic.ttf
NotoSerifNerdFontPropo-ExtraCondensedThin	Noto/Serif/NotoSerifNerdFontPropo-ExtraCondensedThin.ttf
NotoSerifNerdFontPropo-ExtraCondensedThinItalic	Noto/Serif/NotoSerifNerdFontPropo-ExtraCondensedThinItalic.ttf
NotoSerifNerdFontPropo-ExtraLight	Noto/Serif/NotoSerifNerdFontPropo-ExtraLight.ttf
NotoSerifNerdFontPropo-ExtraLightItalic	Noto/Serif/NotoSerifNerdFontPropo-ExtraLightItalic.ttf
NotoSerifNerdFontPropo-Italic	Noto/Serif/NotoSerifNerdFontPropo-Italic.ttf
NotoSerifNerdFontPropo-Light	Noto/Serif/NotoSerifNerdFontPropo-Light.ttf
NotoSerifNerdFontPropo-LightItalic	Noto/Serif/NotoSerifNerdFontPropo-LightItalic.ttf
NotoSerifNerdFontPropo-Medium	Noto/Serif/NotoSerifNerdFontPropo-Medium.ttf
NotoSerifNerdFontPropo-MediumItalic	Noto/Serif/NotoSerifNerdFontPropo-MediumItalic.ttf
NotoSerifNerdFontPropo-Regular	Noto/Serif/NotoSerifNerdFontPropo-Regular.ttf
NotoSerifNerdFontPropo-SemiBold	Noto/Serif/NotoSerifNerdFontPropo-SemiBold.ttf
NotoSerifNerdFontPropo-SemiBoldItalic	Noto/Serif/NotoSerifNerdFontPropo-SemiBoldItalic.ttf
NotoSerifNerdFontPropo-SemiCondensedBlack	Noto/Serif/NotoSerifNerdFontPropo-SemiCondensedBlack.ttf
NotoSerifNerdFontPropo-SemiCondensedBlackItalic	Noto/Serif/NotoSerifNerdFontPropo-SemiCondensedBlackItalic.ttf
NotoSerifNerdFontPropo-SemiCondensedBold	Noto/Serif/NotoSerifNerdFontPropo-SemiCondensedBold.ttf
NotoSerifNerdFontPropo-SemiCondensedBoldItalic	Noto/Serif/NotoSerifNerdFontPropo-SemiCondensedBoldItalic.ttf
NotoSerifNerdFontPropo-SemiCondensedExtraBold	Noto/Serif/NotoSerifNerdFontPropo-SemiCondensedExtraBold.ttf
NotoSerifNerdFontPropo-SemiCondensedExtraBoldItalic	Noto/Serif/NotoSerifNerdFontPropo-SemiCondensedExtraBoldItalic.ttf
NotoSerifNerdFontPropo-SemiCondensedExtraLight	Noto/Serif/NotoSerifNerdFontPropo-SemiCondensedExtraLight.ttf
NotoSerifNerdFontPropo-SemiCondensedExtraLightItalic	Noto/Serif/NotoSerifNerdFontPropo-SemiCondensedExtraLightItalic.ttf
NotoSerifNerdFontPropo-SemiCondensedItalic	Noto/Serif/NotoSerifNerdFontPropo-SemiCondensedItalic.ttf
NotoSerifNerdFontPropo-SemiCondensedLight	Noto/Serif/NotoSerifNerdFontPropo-SemiCondensedLight.ttf
NotoSerifNerdFontPropo-SemiCondensedLightItalic	Noto/Serif/NotoSerifNerdFontPropo-SemiCondensedLightItalic.ttf
NotoSerifNerdFontPropo-SemiCondensedMedium	Noto/Serif/NotoSerifNerdFontPropo-SemiCondensedMedium.ttf
NotoSerifNerdFontPropo-SemiCondensedMediumItalic	Noto/Serif/NotoSerifNerdFontPropo-SemiCondensedMediumItalic.ttf
NotoSerifNerdFontPropo-SemiCondensedRegular	Noto/Serif/NotoSerifNerdFontPropo-SemiCondensedRegular.ttf
NotoSerifNerdFontPropo-SemiCondensedSemiBold	Noto/Serif/NotoSerifNerdFontPropo-SemiCondensedSemiBold.ttf
NotoSerifNerdFontPropo-SemiCondensedSemiBoldItalic	Noto/Serif/NotoSerifNerdFontPropo-SemiCondensedSemiBoldItalic.ttf
NotoSerifNerdFontPropo-SemiCondensedThin	Noto/Serif/NotoSerifNerdFontPropo-SemiCondensedThin.ttf
NotoSerifNerdFontPropo-SemiCondensedThinItalic	Noto/Serif/NotoSerifNerdFontPropo-SemiCondensedThinItalic.ttf
NotoSerifNerdFontPropo-Thin	Noto/Serif/NotoSerifNerdFontPropo-Thin.ttf
NotoSerifNerdFontPropo-ThinItalic	Noto/Serif/NotoSerifNerdFontPropo-ThinItalic.ttf
OpenDyslexicAltNerdFont-Bold	OpenDyslexic/Alta-Bold/OpenDyslexicAltNerdFont-Bold.otf
OpenDyslexicAltNerdFont-BoldItalic	OpenDyslexic/Alta-Bold-Italic/OpenDyslexicAltNerdFont-BoldItalic.otf
OpenDyslexicAltNerdFont-Italic	OpenDyslexic/Alta-Italic/OpenDyslexicAltNerdFont-Italic.otf
OpenDyslexicAltNerdFont-Regular	OpenDyslexic/Alta-Regular/OpenDyslexicAltNerdFont-Regular.otf
OpenDyslexicAltNerdFontPropo-Bold	OpenDyslexic/Alta-Bold/OpenDyslexicAltNerdFontPropo-Bold.otf
OpenDyslexicAltNerdFontPropo-BoldItalic	OpenDyslexic/Alta-Bold-Italic/OpenDyslexicAltNerdFontPropo-BoldItalic.otf
OpenDyslexicAltNerdFontPropo-Italic	OpenDyslexic/Alta-Italic/OpenDyslexicAltNerdFontPropo-Italic.otf
OpenDyslexicAltNerdFontPropo-Regular	OpenDyslexic/Alta-Regular/OpenDyslexicAltNerdFontPropo-Regular.otf
OpenDyslexicMNerdFont-Regular	OpenDyslexic/Mono-Regular/OpenDyslexicMNerdFont-Regular.otf
OpenDyslexicMNerdFontMono-Regular	OpenDyslexic/Mono-Regular/OpenDyslexicMNerdFontMono-Regular.otf
OpenDyslexicMNerdFontPropo-Regular	OpenDyslexic/Mono-Regular/OpenDyslexicMNerdFontPropo-Regular.otf
OpenDyslexicNerdFont-Bold	OpenDyslexic/Bold/OpenDyslexicNerdFont-Bold.otf
OpenDyslexicNerdFont-BoldItalic	OpenDyslexic/Bold-Italic/OpenDyslexicNerdFont-BoldItalic.otf
OpenDyslexicNerdFont-Italic	OpenDyslexic/Italic/OpenDyslexicNerdFont-Italic.otf
OpenDyslexicNerdFont-Regular	OpenDyslexic/Regular/OpenDyslexicNerdFont-Regular.otf
OpenDyslexicNerdFontPropo-Bold	OpenDyslexic/Bold/OpenDyslexicNerdFontPropo-Bold.otf
OpenDyslexicNerdFontPropo-BoldItalic	OpenDyslexic/Bold-Italic/OpenDyslexicNerdFontPropo-BoldItalic.otf
OpenDyslexicNerdFontPropo-Italic	OpenDyslexic/Italic/OpenDyslexicNerdFontPropo-Italic.otf
OpenDyslexicNerdFontPropo-Regular	OpenDyslexic/Regular/OpenDyslexicNerdFontPropo-Regular.otf
OverpassMNerdFont-Bold	Overpass/Mono/Bold/OverpassMNerdFont-Bold.otf
OverpassMNerdFont-Light	Overpass/Mono/Light/OverpassMNerdFont-Light.otf
OverpassMNerdFont-Regular	Overpass/Mono/Regular/OverpassMNerdFont-Regular.otf
OverpassMNerdFont-SemiBold	Overpass/Mono/Semi-Bold/OverpassMNerdFont-SemiBold.otf
OverpassMNerdFontMono-Bold	Overpass/Mono/Bold/OverpassMNerdFontMono-Bold.otf
OverpassMNerdFontMono-Light	Overpass/Mono/Light/OverpassMNerdFontMono-Light.otf
OverpassMNerdFontMono-Regular	Overpass/Mono/Regular/OverpassMNerdFontMono-Regular.otf
OverpassMNerdFontMono-SemiBold	Overpass/Mono/Semi-Bold/OverpassMNerdFontMono-SemiBold.otf
OverpassMNerdFontPropo-Bold	Overpass/Mono/Bold/OverpassMNerdFontPropo-Bold.otf
OverpassMNerdFontPropo-Light	Overpass/Mono/Light/OverpassMNerdFontPropo-Light.otf
OverpassMNerdFontPropo-Regular	Overpass/Mono/Regular/OverpassMNerdFontPropo-Regular.otf
OverpassMNerdFontPropo-SemiBold	Overpass/Mono/Semi-Bold/OverpassMNerdFontPropo-SemiBold.otf
OverpassNerdFont-Bold	Overpass/Non-Mono/Bold/OverpassNerdFont-Bold.otf
OverpassNerdFont-BoldItalic	Overpass/Non-Mono/Bold-Italic/OverpassNerdFont-BoldItalic.otf
OverpassNerdFont-ExtraBold	Overpass/Non-Mono/Extra-Bold/OverpassNerdFont-ExtraBold.otf
OverpassNerdFont-ExtraBoldItalic	Overpass/Non-Mono/Extra-Bold-Italic/OverpassNerdFont-ExtraBoldItalic.otf
OverpassNerdFont-ExtraLight	Overpass/Non-Mono/Extra-Light/OverpassNerdFont-ExtraLight.otf
OverpassNerdFont-ExtraLightItalic	Overpass/Non-Mono/Extra-Light-Italic/OverpassNerdFont-ExtraLightItalic.otf
OverpassNerdFont-Heavy	Overpass/Non-Mono/Heavy/OverpassNerdFont-Heavy.otf
OverpassNerdFont-HeavyItalic	Overpass/Non-Mono/Heavy-Italic/OverpassNerdFont-HeavyItalic.otf
OverpassNerdFont-Italic	Overpass/Non-Mono/Italic/OverpassNerdFont-Italic.otf
OverpassNerdFont-Light	Overpass/Non-Mono/Light/OverpassNerdFont-Light.otf
OverpassNerdFont-LightItalic	Overpass/Non-Mono/Light-Italic/OverpassNerdFont-LightItalic.otf
OverpassNerdFont-Regular	Overpass/Non-Mono/Regular/OverpassNerdFont-Regular.otf
OverpassNerdFont-SemiBold	Overpass/Non-Mono/Semi-Bold/OverpassNerdFont-SemiBold.otf
OverpassNerdFont-SemiBoldItalic	Overpass/Non-Mono/Semi-Bold-Italic/OverpassNerdFont-SemiBoldItalic.otf
OverpassNerdFont-Thin	Overpass/Non-Mono/Thin/OverpassNerdFont-Thin.otf
OverpassNerdFont-ThinItalic	Overpass/Non-Mono/Thin-Italic/OverpassNerdFont-ThinItalic.otf
OverpassNerdFontPropo-Bold	Overpass/Non-Mono/Bold/OverpassNerdFontPropo-Bold.otf
OverpassNerdFontPropo-BoldItalic	Overpass/Non-Mono/Bold-Italic/OverpassNerdFontPropo-BoldItalic.otf
OverpassNerdFontPropo-ExtraBold	Overpass/Non-Mono/Extra-Bold/OverpassNerdFontPropo-ExtraBold.otf
OverpassNerdFontPropo-ExtraBoldItalic	Overpass/Non-Mono/Extra-Bold-Italic/OverpassNerdFontPropo-ExtraBoldItalic.otf
OverpassNerdFontPropo-ExtraLight	Overpass/Non-Mono/Extra-Light/OverpassNerdFontPropo-ExtraLight.otf
OverpassNerdFontPropo-ExtraLightItalic	Overpass/Non-Mono/Extra-Light-Italic/OverpassNerdFontPropo-ExtraLightItalic.otf
OverpassNerdFontPropo-Heavy	Overpass/Non-Mono/Heavy/OverpassNerdFontPropo-Heavy.otf
OverpassNerdFontPropo-HeavyItalic	Overpass/Non-Mono/Heavy-Italic/OverpassNerdFontPropo-HeavyItalic.otf
OverpassNerdFontPropo-Italic	Overpass/Non-Mono/Italic/OverpassNerdFontPropo-Italic.otf
OverpassNerdFontPropo-Light	Overpass/Non-Mono/Light/OverpassNerdFontPropo-Light.otf
OverpassNerdFontPropo-LightItalic	Overpass/Non-Mono/Light-Italic/OverpassNerdFontPropo-LightItalic.otf
OverpassNerdFontPropo-Regular	Overpass/Non-Mono/Regular/OverpassNerdFontPropo-Regular.otf
OverpassNerdFontPropo-SemiBold	Overpass/Non-Mono/Semi-Bold/OverpassNerdFontPropo-SemiBold.otf
OverpassNerdFontPropo-SemiBoldItalic	Overpass/Non-Mono/Semi-Bold-Italic/OverpassNerdFontPropo-SemiBoldItalic.otf
OverpassNerdFontPropo-Thin	Overpass/Non-Mono/Thin/OverpassNerdFontPropo-Thin.otf
OverpassNerdFontPropo-ThinItalic	Overpass/Non-Mono/Thin-Italic/OverpassNerdFontPropo-ThinItalic.otf
ProFontIIxNerdFont-Regular	ProFont/profontiix/ProFontIIxNerdFont-Regular.ttf
ProFontIIxNerdFontMono-Regular	ProFont/profontiix/ProFontIIxNerdFontMono-Regular.ttf
ProFontIIxNerdFontPropo-Regular	ProFont/profontiix/ProFontIIxNerdFontPropo-Regular.ttf
ProFontWindowsNerdFont-Regular	ProFont/ProFontWinTweaked/ProFontWindowsNerdFont-Regular.ttf
ProFontWindowsNerdFontMono-Regular	ProFont/ProFontWinTweaked/ProFontWindowsNerdFontMono-Regular.ttf
ProFontWindowsNerdFontPropo-Regular	ProFont/ProFontWinTweaked/ProFontWindowsNerdFontPropo-Regular.ttf
ProggyCleanCENerdFont-Regular	ProggyClean/Latin2/ProggyCleanCENerdFont-Regular.ttf
ProggyCleanCENerdFontMono-Regular	ProggyClean/Latin2/ProggyCleanCENerdFontMono-Regular.ttf
ProggyCleanCENerdFontPropo-Regular	ProggyClean/Latin2/ProggyCleanCENerdFontPropo-Regular.ttf
ProggyCleanNerdFont-Regular	ProggyClean/Regular/ProggyCleanNerdFont-Regular.ttf
ProggyCleanNerdFontMono-Regular	ProggyClean/Regular/ProggyCleanNerdFontMono-Regular.ttf
ProggyCleanNerdFontPropo-Regular	ProggyClean/Regular/ProggyCleanNerdFontPropo-Regular.ttf
ProggyCleanSZNerdFont-Regular	ProggyClean/SlashedZero/ProggyCleanSZNerdFont-Regular.ttf
ProggyCleanSZNerdFontMono-Regular	ProggyClean/SlashedZero/ProggyCleanSZNerdFontMono-Regular.ttf
ProggyCleanSZNerdFontPropo-Regular	ProggyClean/SlashedZero/ProggyCleanSZNerdFontPropo-Regular.ttf
RobotoMonoNerdFont-Bold	RobotoMono/Bold/RobotoMonoNerdFont-Bold.ttf
RobotoMonoNerdFont-BoldItalic	RobotoMono/Bold-Italic/RobotoMonoNerdFont-BoldItalic.ttf
RobotoMonoNerdFont-Italic	RobotoMono/Italic/RobotoMonoNerdFont-Italic.ttf
RobotoMonoNerdFont-Light	RobotoMono/Light/RobotoMonoNerdFont-Light.ttf
RobotoMonoNerdFont-LightItalic	RobotoMono/Light-Italic/RobotoMonoNerdFont-LightItalic.ttf
RobotoMonoNerdFont-Medium	RobotoMono/Medium/RobotoMonoNerdFont-Medium.ttf
RobotoMonoNerdFont-MediumItalic	RobotoMono/Medium-Italic/RobotoMonoNerdFont-MediumItalic.ttf
RobotoMonoNerdFont-Regular	RobotoMono/Regular/RobotoMonoNerdFont-Regular.ttf
RobotoMonoNerdFont-SemiBold	RobotoMono/SemiBold/RobotoMonoNerdFont-SemiBold.ttf
RobotoMonoNerdFont-SemiBoldItalic	RobotoMono/SemiBold-Italic/RobotoMonoNerdFont-SemiBoldItalic.ttf
RobotoMonoNerdFont-Thin	RobotoMono/Thin/RobotoMonoNerdFont-Thin.ttf
RobotoMonoNerdFont-ThinItalic	RobotoMono/Thin-Italic/RobotoMonoNerdFont-ThinItalic.ttf
RobotoMonoNerdFontMono-Bold	RobotoMono/Bold/RobotoMonoNerdFontMono-Bold.ttf
RobotoMonoNerdFontMono-BoldItalic	RobotoMono/Bold-Italic/RobotoMonoNerdFontMono-BoldItalic.ttf
RobotoMonoNerdFontMono-Italic	RobotoMono/Italic/RobotoMonoNerdFontMono-Italic.ttf
RobotoMonoNerdFontMono-Light	RobotoMono/Light/RobotoMonoNerdFontMono-Light.ttf
RobotoMonoNerdFontMono-LightItalic	RobotoMono/Light-Italic/RobotoMonoNerdFontMono-LightItalic.ttf
RobotoMonoNerdFontMono-Medium	RobotoMono/Medium/RobotoMonoNerdFontMono-Medium.ttf
RobotoMonoNerdFontMono-MediumItalic	RobotoMono/Medium-Italic/RobotoMonoNerdFontMono-MediumItalic.ttf
RobotoMonoNerdFontMono-Regular	RobotoMono/Regular/RobotoMonoNerdFontMono-Regular.ttf
RobotoMonoNerdFontMono-SemiBold	RobotoMono/SemiBold/RobotoMonoNerdFontMono-SemiBold.ttf
RobotoMonoNerdFontMono-SemiBoldItalic	RobotoMono/SemiBold-Italic/RobotoMonoNerdFontMono-SemiBoldItalic.ttf
RobotoMonoNerdFontMono-Thin	RobotoMono/Thin/RobotoMonoNerdFontMono-Thin.ttf
RobotoMonoNerdFontMono-ThinItalic	RobotoMono/Thin-Italic/RobotoMonoNerdFontMono-ThinItalic.ttf
RobotoMonoNerdFontPropo-Bold	RobotoMono/Bold/RobotoMonoNerdFontPropo-Bold.ttf
RobotoMonoNerdFontPropo-BoldItalic	RobotoMono/Bold-Italic/RobotoMonoNerdFontPropo-BoldItalic.ttf
RobotoMonoNerdFontPropo-Italic	RobotoMono/Italic/RobotoMonoNerdFontPropo-Italic.ttf
RobotoMonoNerdFontPropo-Light	RobotoMono/Light/RobotoMonoNerdFontPropo-Light.ttf
RobotoMonoNerdFontPropo-LightItalic	RobotoMono/Light-Italic/RobotoMonoNerdFontPropo-LightItalic.ttf
RobotoMonoNerdFontPropo-Medium	RobotoMono/Medium/RobotoMonoNerdFontPropo-Medium.ttf
RobotoMonoNerdFontPropo-MediumItalic	RobotoMono/Medium-Italic/RobotoMonoNerdFontPropo-MediumItalic.ttf
RobotoMonoNerdFontPropo-Regular	RobotoMono/Regular/RobotoMonoNerdFontPropo-Regular.ttf
RobotoMonoNerdFontPropo-SemiBold	RobotoMono/SemiBold/RobotoMonoNerdFontPropo-SemiBold.ttf
RobotoMonoNerdFontPropo-SemiBoldItalic	RobotoMono/SemiBold-Italic/RobotoMonoNerdFontPropo-SemiBoldItalic.ttf
RobotoMonoNerdFontPropo-Thin	RobotoMono/Thin/RobotoMonoNerdFontPropo-Thin.ttf
RobotoMonoNerdFontPropo-ThinItalic	RobotoMono/Thin-Italic/RobotoMonoNerdFontPropo-ThinItalic.ttf
SauceCodeProNerdFont-Black	SourceCodePro/SauceCodeProNerdFont-Black.ttf
SauceCodeProNerdFont-BlackItalic	SourceCodePro/SauceCodeProNerdFont-BlackItalic.ttf
SauceCodeProNerdFont-Bold	SourceCodePro/SauceCodeProNerdFont-Bold.ttf
SauceCodeProNerdFont-BoldItalic	SourceCodePro/SauceCodeProNerdFont-BoldItalic.ttf
SauceCodeProNerdFont-ExtraLight	SourceCodePro/SauceCodeProNerdFont-ExtraLight.ttf
SauceCodeProNerdFont-ExtraLightItalic	SourceCodePro/SauceCodeProNerdFont-ExtraLightItalic.ttf
SauceCodeProNerdFont-Italic	SourceCodePro/SauceCodeProNerdFont-Italic.ttf
SauceCodeProNerdFont-Light	SourceCodePro/SauceCodeProNerdFont-Light.ttf
SauceCodeProNerdFont-LightItalic	SourceCodePro/SauceCodeProNerdFont-LightItalic.ttf
SauceCodeProNerdFont-Medium	SourceCodePro/SauceCodeProNerdFont-Medium.ttf
SauceCodeProNerdFont-MediumItalic	SourceCodePro/SauceCodeProNerdFont-MediumItalic.ttf
SauceCodeProNerdFont-Regular	SourceCodePro/SauceCodeProNerdFont-Regular.ttf
SauceCodeProNerdFont-SemiBold	SourceCodePro/SauceCodeProNerdFont-SemiBold.ttf
SauceCodeProNerdFont-SemiBoldItalic	SourceCodePro/SauceCodeProNerdFont-SemiBoldItalic.ttf
SauceCodeProNerdFontMono-Black	SourceCodePro/SauceCodeProNerdFontMono-Black.ttf
SauceCodeProNerdFontMono-BlackItalic	SourceCodePro/SauceCodeProNerdFontMono-BlackItalic.ttf
SauceCodeProNerdFontMono-Bold	SourceCodePro/SauceCodeProNerdFontMono-Bold.ttf
SauceCodeProNerdFontMono-BoldItalic	SourceCodePro/SauceCodeProNerdFontMono-BoldItalic.ttf
SauceCodeProNerdFontMono-ExtraLight	SourceCodePro/SauceCodeProNerdFontMono-ExtraLight.ttf
SauceCodeProNerdFontMono-ExtraLightItalic	SourceCodePro/SauceCodeProNerdFontMono-ExtraLightItalic.ttf
SauceCodeProNerdFontMono-Italic	SourceCodePro/SauceCodeProNerdFontMono-Italic.ttf
SauceCodeProNerdFontMono-Light	SourceCodePro/SauceCodeProNerdFontMono-Light.ttf
SauceCodeProNerdFontMono-LightItalic	SourceCodePro/SauceCodeProNerdFontMono-LightItalic.ttf
SauceCodeProNerdFontMono-Medium	SourceCodePro/SauceCodeProNerdFontMono-Medium.ttf
SauceCodeProNerdFontMono-MediumItalic	SourceCodePro/SauceCodeProNerdFontMono-MediumItalic.ttf
SauceCodeProNerdFontMono-Regular	SourceCodePro/SauceCodeProNerdFontMono-Regular.ttf
SauceCodeProNerdFontMono-SemiBold	SourceCodePro/SauceCodeProNerdFontMono-SemiBold.ttf
SauceCodeProNerdFontMono-SemiBoldItalic	SourceCodePro/SauceCodeProNerdFontMono-SemiBoldItalic.ttf
SauceCodeProNerdFontPropo-Black	SourceCodePro/SauceCodeProNerdFontPropo-Black.ttf
SauceCodeProNerdFontPropo-BlackItalic	SourceCodePro/SauceCodeProNerdFontPropo-BlackItalic.ttf
SauceCodeProNerdFontPropo-Bold	SourceCodePro/SauceCodeProNerdFontPropo-Bold.ttf
SauceCodeProNerdFontPropo-BoldItalic	SourceCodePro/SauceCodeProNerdFontPropo-BoldItalic.ttf
SauceCodeProNerdFontPropo-ExtraLight	SourceCodePro/SauceCodeProNerdFontPropo-ExtraLight.ttf
SauceCodeProNerdFontPropo-ExtraLightItalic	SourceCodePro/SauceCodeProNerdFontPropo-ExtraLightItalic.ttf
SauceCodeProNerdFontPropo-Italic	SourceCodePro/SauceCodeProNerdFontPropo-Italic.ttf
SauceCodeProNerdFontPropo-Light	SourceCodePro/SauceCodeProNerdFontPropo-Light.ttf
SauceCodeProNerdFontPropo-LightItalic	SourceCodePro/SauceCodeProNerdFontPropo-LightItalic.ttf
SauceCodeProNerdFontPropo-Medium	SourceCodePro/SauceCodeProNerdFontPropo-Medium.ttf
SauceCodeProNerdFontPropo-MediumItalic	SourceCodePro/SauceCodeProNerdFontPropo-MediumItalic.ttf
SauceCodeProNerdFontPropo-Regular	SourceCodePro/SauceCodeProNerdFontPropo-Regular.ttf
SauceCodeProNerdFontPropo-SemiBold	SourceCodePro/SauceCodeProNerdFontPropo-SemiBold.ttf
SauceCodeProNerdFontPropo-SemiBoldItalic	SourceCodePro/SauceCodeProNerdFontPropo-SemiBoldItalic.ttf
ShureTechMonoNerdFont-Regular	ShareTechMono/ShureTechMonoNerdFont-Regular.ttf
ShureTechMonoNerdFontMono-Regular	ShareTechMono/ShureTechMonoNerdFontMono-Regular.ttf
ShureTechMonoNerdFontPropo-Regular	ShareTechMono/ShureTechMonoNerdFontPropo-Regular.ttf
SpaceMonoNerdFont-Bold	SpaceMono/Bold/SpaceMonoNerdFont-Bold.ttf
SpaceMonoNerdFont-BoldItalic	SpaceMono/Bold-Italic/SpaceMonoNerdFont-BoldItalic.ttf
SpaceMonoNerdFont-Italic	SpaceMono/Italic/SpaceMonoNerdFont-Italic.ttf
SpaceMonoNerdFont-Regular	SpaceMono/Regular/SpaceMonoNerdFont-Regular.ttf
SpaceMonoNerdFontMono-Bold	SpaceMono/Bold/SpaceMonoNerdFontMono-Bold.ttf
SpaceMonoNerdFontMono-BoldItalic	SpaceMono/Bold-Italic/SpaceMonoNerdFontMono-BoldItalic.ttf
SpaceMonoNerdFontMono-Italic	SpaceMono/Italic/SpaceMonoNerdFontMono-Italic.ttf
SpaceMonoNerdFontMono-Regular	SpaceMono/Regular/SpaceMonoNerdFontMono-Regular.ttf
SpaceMonoNerdFontPropo-Bold	SpaceMono/Bold/SpaceMonoNerdFontPropo-Bold.ttf
SpaceMonoNerdFontPropo-BoldItalic	SpaceMono/Bold-Italic/SpaceMonoNerdFontPropo-BoldItalic.ttf
SpaceMonoNerdFontPropo-Italic	SpaceMono/Italic/SpaceMonoNerdFontPropo-Italic.ttf
SpaceMonoNerdFontPropo-Regular	SpaceMono/Regular/SpaceMonoNerdFontPropo-Regular.ttf
SymbolsNerdFont-Regular	NerdFontsSymbolsOnly/SymbolsNerdFont-Regular.ttf
SymbolsNerdFontMono-Regular	NerdFontsSymbolsOnly/SymbolsNerdFontMono-Regular.ttf
TerminessNerdFont-Bold	Terminus/TerminessNerdFont-Bold.ttf
TerminessNerdFont-BoldItalic	Terminus/TerminessNerdFont-BoldItalic.ttf
TerminessNerdFont-Italic	Terminus/TerminessNerdFont-Italic.ttf
TerminessNerdFont-Regular	Terminus/TerminessNerdFont-Regular.ttf
TerminessNerdFontMono-Bold	Terminus/TerminessNerdFontMono-Bold.ttf
TerminessNerdFontMono-BoldItalic	Terminus/TerminessNerdFontMono-BoldItalic.ttf
TerminessNerdFontMono-Italic	Terminus/TerminessNerdFontMono-Italic.ttf
TerminessNerdFontMono-Regular	Terminus/TerminessNerdFontMono-Regular.ttf
TerminessNerdFontPropo-Bold	Terminus/TerminessNerdFontPropo-Bold.ttf
TerminessNerdFontPropo-BoldItalic	Terminus/TerminessNerdFontPropo-BoldItalic.ttf
TerminessNerdFontPropo-Italic	Terminus/TerminessNerdFontPropo-Italic.ttf
TerminessNerdFontPropo-Regular	Terminus/TerminessNerdFontPropo-Regular.ttf
TinosNerdFont-Bold	Tinos/Bold/TinosNerdFont-Bold.ttf
TinosNerdFont-BoldItalic	Tinos/Bold-Italic/TinosNerdFont-BoldItalic.ttf
TinosNerdFont-Italic	Tinos/Italic/TinosNerdFont-Italic.ttf
TinosNerdFont-Regular	Tinos/Regular/TinosNerdFont-Regular.ttf
TinosNerdFontPropo-Bold	Tinos/Bold/TinosNerdFontPropo-Bold.ttf
TinosNerdFontPropo-BoldItalic	Tinos/Bold-Italic/TinosNerdFontPropo-BoldItalic.ttf
TinosNerdFontPropo-Italic	Tinos/Italic/TinosNerdFontPropo-Italic.ttf
TinosNerdFontPropo-Regular	Tinos/Regular/TinosNerdFontPropo-Regular.ttf
UbuntuMonoNerdFont-Bold	UbuntuMono/Bold/UbuntuMonoNerdFont-Bold.ttf
UbuntuMonoNerdFont-BoldItalic	UbuntuMono/Bold-Italic/UbuntuMonoNerdFont-BoldItalic.ttf
UbuntuMonoNerdFont-Italic	UbuntuMono/Regular-Italic/UbuntuMonoNerdFont-Italic.ttf
UbuntuMonoNerdFont-Regular	UbuntuMono/Regular/UbuntuMonoNerdFont-Regular.ttf
UbuntuMonoNerdFontMono-Bold	UbuntuMono/Bold/UbuntuMonoNerdFontMono-Bold.ttf
UbuntuMonoNerdFontMono-BoldItalic	UbuntuMono/Bold-Italic/UbuntuMonoNerdFontMono-BoldItalic.ttf
UbuntuMonoNerdFontMono-Italic	UbuntuMono/Regular-Italic/UbuntuMonoNerdFontMono-Italic.ttf
UbuntuMonoNerdFontMono-Regular	UbuntuMono/Regular/UbuntuMonoNerdFontMono-Regular.ttf
UbuntuMonoNerdFontPropo-Bold	UbuntuMono/Bold/UbuntuMonoNerdFontPropo-Bold.ttf
UbuntuMonoNerdFontPropo-BoldItalic	UbuntuMono/Bold-Italic/UbuntuMonoNerdFontPropo-BoldItalic.ttf
UbuntuMonoNerdFontPropo-Italic	UbuntuMono/Regular-Italic/UbuntuMonoNerdFontPropo-Italic.ttf
UbuntuMonoNerdFontPropo-Regular	UbuntuMono/Regular/UbuntuMonoNerdFontPropo-Regular.ttf
UbuntuNerdFont-Bold	Ubuntu/Bold/UbuntuNerdFont-Bold.ttf
UbuntuNerdFont-BoldItalic	Ubuntu/Bold-Italic/UbuntuNerdFont-BoldItalic.ttf
UbuntuNerdFont-Condensed	Ubuntu/Condensed/UbuntuNerdFont-Condensed.ttf
UbuntuNerdFont-Italic	Ubuntu/Regular-Italic/UbuntuNerdFont-Italic.ttf
UbuntuNerdFont-Light	Ubuntu/Light/UbuntuNerdFont-Light.ttf
UbuntuNerdFont-LightItalic	Ubuntu/Light-Italic/UbuntuNerdFont-LightItalic.ttf
UbuntuNerdFont-Medium	Ubuntu/Medium/UbuntuNerdFont-Medium.ttf
UbuntuNerdFont-MediumItalic	Ubuntu/Medium-Italic/UbuntuNerdFont-MediumItalic.ttf
UbuntuNerdFont-Regular	Ubuntu/Regular/UbuntuNerdFont-Regular.ttf
UbuntuNerdFontPropo-Bold	Ubuntu/Bold/UbuntuNerdFontPropo-Bold.ttf
UbuntuNerdFontPropo-BoldItalic	Ubuntu/Bold-Italic/UbuntuNerdFontPropo-BoldItalic.ttf
UbuntuNerdFontPropo-Condensed	Ubuntu/Condensed/UbuntuNerdFontPropo-Condensed.ttf
UbuntuNerdFontPropo-Italic	Ubuntu/Regular-Italic/UbuntuNerdFontPropo-Italic.ttf
UbuntuNerdFontPropo-Light	Ubuntu/Light/UbuntuNerdFontPropo-Light.ttf
UbuntuNerdFontPropo-LightItalic	Ubuntu/Light-Italic/UbuntuNerdFontPropo-LightItalic.ttf
UbuntuNerdFontPropo-Medium	Ubuntu/Medium/UbuntuNerdFontPropo-Medium.ttf
UbuntuNerdFontPropo-MediumItalic	Ubuntu/Medium-Italic/UbuntuNerdFontPropo-MediumItalic.ttf
UbuntuNerdFontPropo-Regular	Ubuntu/Regular/UbuntuNerdFontPropo-Regular.ttf
VictorMonoNerdFont-Bold	VictorMono/Bold/VictorMonoNerdFont-Bold.ttf
VictorMonoNerdFont-BoldItalic	VictorMono/Bold-Italic/VictorMonoNerdFont-BoldItalic.ttf
VictorMonoNerdFont-BoldOblique	VictorMono/Bold-Oblique/VictorMonoNerdFont-BoldOblique.ttf
VictorMonoNerdFont-ExtraLight	VictorMono/Extra-Light/VictorMonoNerdFont-ExtraLight.ttf
VictorMonoNerdFont-ExtraLightItalic	VictorMono/Extra-Light-Italic/VictorMonoNerdFont-ExtraLightItalic.ttf
VictorMonoNerdFont-ExtraLightOblique	VictorMono/Extra-Light-Oblique/VictorMonoNerdFont-ExtraLightOblique.ttf
VictorMonoNerdFont-Italic	VictorMono/Italic/VictorMonoNerdFont-Italic.ttf
VictorMonoNerdFont-Light	VictorMono/Light/VictorMonoNerdFont-Light.ttf
VictorMonoNerdFont-LightItalic	VictorMono/Light-Italic/VictorMonoNerdFont-LightItalic.ttf
VictorMonoNerdFont-LightOblique	VictorMono/Light-Oblique/VictorMonoNerdFont-LightOblique.ttf
VictorMonoNerdFont-Medium	VictorMono/Medium/VictorMonoNerdFont-Medium.ttf
VictorMonoNerdFont-MediumItalic	VictorMono/Medium-Italic/VictorMonoNerdFont-MediumItalic.ttf
VictorMonoNerdFont-MediumOblique	VictorMono/Medium-Oblique/VictorMonoNerdFont-MediumOblique.ttf
VictorMonoNerdFont-Oblique	VictorMono/Oblique/VictorMonoNerdFont-Oblique.ttf
VictorMonoNerdFont-Regular	VictorMono/Regular/VictorMonoNerdFont-Regular.ttf
VictorMonoNerdFont-SemiBold	VictorMono/Semi-Bold/VictorMonoNerdFont-SemiBold.ttf
VictorMonoNerdFont-SemiBoldItalic	VictorMono/Semi-Bold-Italic/VictorMonoNerdFont-SemiBoldItalic.ttf
VictorMonoNerdFont-SemiBoldOblique	VictorMono/Semi-Bold-Oblique/VictorMonoNerdFont-SemiBoldOblique.ttf
VictorMonoNerdFont-Thin	VictorMono/Thin/VictorMonoNerdFont-Thin.ttf
VictorMonoNerdFont-ThinItalic	VictorMono/Thin-Italic/VictorMonoNerdFont-ThinItalic.ttf
VictorMonoNerdFont-ThinOblique	VictorMono/Thin-Oblique/VictorMonoNerdFont-ThinOblique.ttf
VictorMonoNerdFontMono-Bold	VictorMono/Bold/VictorMonoNerdFontMono-Bold.ttf
VictorMonoNerdFontMono-BoldItalic	VictorMono/Bold-Italic/VictorMonoNerdFontMono-BoldItalic.ttf
VictorMonoNerdFontMono-BoldOblique	VictorMono/Bold-Oblique/VictorMonoNerdFontMono-BoldOblique.ttf
VictorMonoNerdFontMono-ExtraLight	VictorMono/Extra-Light/VictorMonoNerdFontMono-ExtraLight.ttf
VictorMonoNerdFontMono-ExtraLightItalic	VictorMono/Extra-Light-Italic/VictorMonoNerdFontMono-ExtraLightItalic.ttf
VictorMonoNerdFontMono-ExtraLightOblique	VictorMono/Extra-Light-Oblique/VictorMonoNerdFontMono-ExtraLightOblique.ttf
VictorMonoNerdFontMono-Italic	VictorMono/Italic/VictorMonoNerdFontMono-Italic.ttf
VictorMonoNerdFontMono-Light	VictorMono/Light/VictorMonoNerdFontMono-Light.ttf
VictorMonoNerdFontMono-LightItalic	VictorMono/Light-Italic/VictorMonoNerdFontMono-LightItalic.ttf
VictorMonoNerdFontMono-LightOblique	VictorMono/Light-Oblique/VictorMonoNerdFontMono-LightOblique.ttf
VictorMonoNerdFontMono-Medium	VictorMono/Medium/VictorMonoNerdFontMono-Medium.ttf
VictorMonoNerdFontMono-MediumItalic	VictorMono/Medium-Italic/VictorMonoNerdFontMono-MediumItalic.ttf
VictorMonoNerdFontMono-MediumOblique	VictorMono/Medium-Oblique/VictorMonoNerdFontMono-MediumOblique.ttf
VictorMonoNerdFontMono-Oblique	VictorMono/Oblique/VictorMonoNerdFontMono-Oblique.ttf
VictorMonoNerdFontMono-Regular	VictorMono/Regular/VictorMonoNerdFontMono-Regular.ttf
VictorMonoNerdFontMono-SemiBold	VictorMono/Semi-Bold/VictorMonoNerdFontMono-SemiBold.ttf
VictorMonoNerdFontMono-SemiBoldItalic	VictorMono/Semi-Bold-Italic/VictorMonoNerdFontMono-SemiBoldItalic.ttf
VictorMonoNerdFontMono-SemiBoldOblique	VictorMono/Semi-Bold-Oblique/VictorMonoNerdFontMono-SemiBoldOblique.ttf
VictorMonoNerdFontMono-Thin	VictorMono/Thin/VictorMonoNerdFontMono-Thin.ttf
VictorMonoNerdFontMono-ThinItalic	VictorMono/Thin-Italic/VictorMonoNerdFontMono-ThinItalic.ttf
VictorMonoNerdFontMono-ThinOblique	VictorMono/Thin-Oblique/VictorMonoNerdFontMono-ThinOblique.ttf
VictorMonoNerdFontPropo-Bold	VictorMono/Bold/VictorMonoNerdFontPropo-Bold.ttf
VictorMonoNerdFontPropo-BoldItalic	VictorMono/Bold-Italic/VictorMonoNerdFontPropo-BoldItalic.ttf
VictorMonoNerdFontPropo-BoldOblique	VictorMono/Bold-Oblique/VictorMonoNerdFontPropo-BoldOblique.ttf
VictorMonoNerdFontPropo-ExtraLight	VictorMono/Extra-Light/VictorMonoNerdFontPropo-ExtraLight.ttf
VictorMonoNerdFontPropo-ExtraLightItalic	VictorMono/Extra-Light-Italic/VictorMonoNerdFontPropo-ExtraLightItalic.ttf
VictorMonoNerdFontPropo-ExtraLightOblique	VictorMono/Extra-Light-Oblique/VictorMonoNerdFontPropo-ExtraLightOblique.ttf
VictorMonoNerdFontPropo-Italic	VictorMono/Italic/VictorMonoNerdFontPropo-Italic.ttf
VictorMonoNerdFontPropo-Light	VictorMono/Light/VictorMonoNerdFontPropo-Light.ttf
VictorMonoNerdFontPropo-LightItalic	VictorMono/Light-Italic/VictorMonoNerdFontPropo-LightItalic.ttf
VictorMonoNerdFontPropo-LightOblique	VictorMono/Light-Oblique/VictorMonoNerdFontPropo-LightOblique.ttf
VictorMonoNerdFontPropo-Medium	VictorMono/Medium/VictorMonoNerdFontPropo-Medium.ttf
VictorMonoNerdFontPropo-MediumItalic	VictorMono/Medium-Italic/VictorMonoNerdFontPropo-MediumItalic.ttf
VictorMonoNerdFontPropo-MediumOblique	VictorMono/Medium-Oblique/VictorMonoNerdFontPropo-MediumOblique.ttf
VictorMonoNerdFontPropo-Oblique	VictorMono/Oblique/VictorMonoNerdFontPropo-Oblique.ttf
VictorMonoNerdFontPropo-Regular	VictorMono/Regular/VictorMonoNerdFontPropo-Regular.ttf
VictorMonoNerdFontPropo-SemiBold	VictorMono/Semi-Bold/VictorMonoNerdFontPropo-SemiBold.ttf
VictorMonoNerdFontPropo-SemiBoldItalic	VictorMono/Semi-Bold-Italic/VictorMonoNerdFontPropo-SemiBoldItalic.ttf
VictorMonoNerdFontPropo-SemiBoldOblique	VictorMono/Semi-Bold-Oblique/VictorMonoNerdFontPropo-SemiBoldOblique.ttf
VictorMonoNerdFontPropo-Thin	VictorMono/Thin/VictorMonoNerdFontPropo-Thin.ttf
VictorMonoNerdFontPropo-ThinItalic	VictorMono/Thin-Italic/VictorMonoNerdFontPropo-ThinItalic.ttf
VictorMonoNerdFontPropo-ThinOblique	VictorMono/Thin-Oblique/VictorMonoNerdFontPropo-ThinOblique.ttf
iMWritingDuoNerdFont-Bold	iA-Writer/Duo/Bold/iMWritingDuoNerdFont-Bold.ttf
iMWritingDuoNerdFont-BoldItalic	iA-Writer/Duo/BoldItalic/iMWritingDuoNerdFont-BoldItalic.ttf
iMWritingDuoNerdFont-Italic	iA-Writer/Duo/Italic/iMWritingDuoNerdFont-Italic.ttf
iMWritingDuoNerdFont-Regular	iA-Writer/Duo/Regular/iMWritingDuoNerdFont-Regular.ttf
iMWritingDuoNerdFontPropo-Bold	iA-Writer/Duo/Bold/iMWritingDuoNerdFontPropo-Bold.ttf
iMWritingDuoNerdFontPropo-BoldItalic	iA-Writer/Duo/BoldItalic/iMWritingDuoNerdFontPropo-BoldItalic.ttf
iMWritingDuoNerdFontPropo-Italic	iA-Writer/Duo/Italic/iMWritingDuoNerdFontPropo-Italic.ttf
iMWritingDuoNerdFontPropo-Regular	iA-Writer/Duo/Regular/iMWritingDuoNerdFontPropo-Regular.ttf
iMWritingMonoNerdFont-Bold	iA-Writer/Mono/Bold/iMWritingMonoNerdFont-Bold.ttf
iMWritingMonoNerdFont-BoldItalic	iA-Writer/Mono/BoldItalic/iMWritingMonoNerdFont-BoldItalic.ttf
iMWritingMonoNerdFont-Italic	iA-Writer/Mono/Italic/iMWritingMonoNerdFont-Italic.ttf
iMWritingMonoNerdFont-Regular	iA-Writer/Mono/Regular/iMWritingMonoNerdFont-Regular.ttf
iMWritingMonoNerdFontMono-Bold	iA-Writer/Mono/Bold/iMWritingMonoNerdFontMono-Bold.ttf
iMWritingMonoNerdFontMono-BoldItalic	iA-Writer/Mono/BoldItalic/iMWritingMonoNerdFontMono-BoldItalic.ttf
iMWritingMonoNerdFontMono-Italic	iA-Writer/Mono/Italic/iMWritingMonoNerdFontMono-Italic.ttf
iMWritingMonoNerdFontMono-Regular	iA-Writer/Mono/Regular/iMWritingMonoNerdFontMono-Regular.ttf
iMWritingMonoNerdFontPropo-Bold	iA-Writer/Mono/Bold/iMWritingMonoNerdFontPropo-Bold.ttf
iMWritingMonoNerdFontPropo-BoldItalic	iA-Writer/Mono/BoldItalic/iMWritingMonoNerdFontPropo-BoldItalic.ttf
iMWritingMonoNerdFontPropo-Italic	iA-Writer/Mono/Italic/iMWritingMonoNerdFontPropo-Italic.ttf
iMWritingMonoNerdFontPropo-Regular	iA-Writer/Mono/Regular/iMWritingMonoNerdFontPropo-Regular.ttf
iMWritingQuatNerdFont-Bold	iA-Writer/Quattro/Bold/iMWritingQuatNerdFont-Bold.ttf
iMWritingQuatNerdFont-BoldItalic	iA-Writer/Quattro/BoldItalic/iMWritingQuatNerdFont-BoldItalic.ttf
iMWritingQuatNerdFont-Italic	iA-Writer/Quattro/Italic/iMWritingQuatNerdFont-Italic.ttf
iMWritingQuatNerdFont-Regular	iA-Writer/Quattro/Regular/iMWritingQuatNerdFont-Regular.ttf
iMWritingQuatNerdFontPropo-Bold	iA-Writer/Quattro/Bold/iMWritingQuatNerdFontPropo-Bold.ttf
iMWritingQuatNerdFontPropo-BoldItalic	iA-Writer/Quattro/BoldItalic/iMWritingQuatNerdFontPropo-BoldItalic.ttf
iMWritingQuatNerdFontPropo-Italic	iA-Writer/Quattro/Italic/iMWritingQuatNerdFontPropo-Italic.ttf
iMWritingQuatNerdFontPropo-Regular	iA-Writer/Quattro/Regular/iMWritingQuatNerdFontPropo-Regular.ttf
